2026-06-14 22:59:34,356 - V3DDroneControl - INFO - Gesture changed: EMERGENCY_STOP (confidence=5/8)
2026-06-14 22:59:34,406 - V3DDroneControl - INFO - Gesture changed: MOVE_RIGHT (confidence=5/8)
2026-06-14 23:00:13,159 - V3DDroneControl - INFO - Gesture changed: EMERGENCY_STOP (confidence=5/8)
2026-06-14 23:00:13,186 - V3DDroneControl - INFO - Gesture changed: MOVE_RIGHT (confidence=5/8)
2026-06-14 23:00:27,141 - V3DDroneControl - INFO - Gesture changed: EMERGENCY_STOP (confidence=5/8)
2026-06-14 23:00:27,164 - V3DDroneControl - INFO - Gesture changed: MOVE_RIGHT (confidence=5/8)
2026-06-14 23:00:43,689 - V3DDroneControl - INFO - Gesture changed: EMERGENCY_STOP (confidence=5/8)
2026-06-14 23:00:43,692 - V3DDroneControl - INFO - Gesture changed: MOVE_RIGHT (confidence=5/8)
2026-06-14 23:00:48,012 - V3DDroneControl - INFO - Logger test OK
2026-06-14 23:00:52,981 - V3DDroneControl - INFO - Drone controller initialized
2026-06-14 23:01:40,883 - V3DDroneControl - INFO - Gesture changed: EMERGENCY_STOP (confidence=5/8)
2026-06-14 23:01:40,887 - V3DDroneControl - INFO - Gesture changed: MOVE_RIGHT (confidence=5/8)
2026-06-14 23:10:49,359 - V3DDroneControl - INFO - Drone controller initialized
2026-06-14 23:10:49,360 - V3DDroneControl - INFO - Drone controller initialized
2026-06-14 23:10:49,361 - V3DDroneControl - INFO - Drone received gesture: TAKEOFF (confidence=0.90)
2026-06-14 23:10:49,361 - V3DDroneControl - INFO - TAKEOFF initiated
2026-06-14 23:10:49,731 - V3DDroneControl - INFO - Drone received gesture: HOVER (confidence=0.90)
2026-06-14 23:10:49,731 - V3DDroneControl - INFO - TAKEOFF complete - now FLYING
2026-06-14 23:10:49,732 - V3DDroneControl - INFO - Drone controller initialized
2026-06-14 23:10:49,732 - V3DDroneControl - INFO - Drone received gesture: TAKEOFF (confidence=0.90)
2026-06-14 23:10:49,732 - V3DDroneControl - INFO - TAKEOFF initiated
2026-06-14 23:10:50,101 - V3DDroneControl - INFO - Drone received gesture: HOVER (confidence=0.90)
2026-06-14 23:10:50,101 - V3DDroneControl - INFO - TAKEOFF complete - now FLYING
2026-06-14 23:10:50,161 - V3DDroneControl - INFO - Drone received gesture: LAND (confidence=0.90)
2026-06-14 23:10:50,161 - V3DDroneControl - INFO - LANDING initiated
2026-06-14 23:10:50,650 - V3DDroneControl - INFO - Drone received gesture: HOVER (confidence=0.90)
2026-06-14 23:10:50,677 - V3DDroneControl - INFO - Drone controller initialized
2026-06-14 23:10:50,677 - V3DDroneControl - INFO - Drone received gesture: TAKEOFF (confidence=0.90)
2026-06-14 23:10:50,678 - V3DDroneControl - INFO - TAKEOFF initiated
2026-06-14 23:10:51,046 - V3DDroneControl - INFO - Drone received gesture: MOVE_FORWARD (confidence=0.90)
2026-06-14 23:10:51,172 - V3DDroneControl - INFO - Drone received gesture: EMERGENCY_STOP (confidence=0.90)
2026-06-14 23:10:51,172 - V3DDroneControl - WARNING - EMERGENCY STOP activated
2026-06-14 23:10:51,232 - V3DDroneControl - INFO - Drone controller initialized
2026-06-14 23:10:51,232 - V3DDroneControl - INFO - Drone received gesture: TAKEOFF (confidence=0.90)
2026-06-14 23:10:51,232 - V3DDroneControl - INFO - TAKEOFF initiated
2026-06-14 23:10:51,604 - V3DDroneControl - INFO - Drone received gesture: MOVE_RIGHT (confidence=0.90)
2026-06-14 23:10:51,866 - V3DDroneControl - INFO - Drone received gesture: HOVER (confidence=0.90)
2026-06-14 23:10:51,867 - V3DDroneControl - INFO - Drone controller initialized
2026-06-14 23:10:51,867 - V3DDroneControl - INFO - Drone received gesture: TAKEOFF (confidence=0.90)
2026-06-14 23:10:51,867 - V3DDroneControl - INFO - TAKEOFF initiated
2026-06-14 23:10:52,240 - V3DDroneControl - INFO - Drone controller reset
2026-06-14 23:10:52,241 - V3DDroneControl - INFO - Drone controller initialized
2026-06-14 23:10:52,241 - V3DDroneControl - INFO - Drone received gesture: TAKEOFF (confidence=0.90)
2026-06-14 23:10:52,241 - V3DDroneControl - INFO - TAKEOFF initiated
2026-06-14 23:10:52,609 - V3DDroneControl - INFO - Drone received gesture: ROTATE_RIGHT (confidence=0.90)
2026-06-14 23:10:52,901 - V3DDroneControl - INFO - Gesture changed: EMERGENCY_STOP (confidence=5/8)
2026-06-14 23:10:52,904 - V3DDroneControl - INFO - Gesture changed: MOVE_RIGHT (confidence=5/8)
2026-06-14 23:11:09,263 - V3DDroneControl - INFO - Drone controller initialized
2026-06-14 23:11:09,264 - V3DDroneControl - INFO - Drone controller initialized
2026-06-14 23:11:09,264 - V3DDroneControl - INFO - Drone received gesture: TAKEOFF (confidence=0.90)
2026-06-14 23:11:09,264 - V3DDroneControl - INFO - TAKEOFF initiated
2026-06-14 23:11:09,630 - V3DDroneControl - INFO - Drone received gesture: HOVER (confidence=0.90)
2026-06-14 23:11:09,630 - V3DDroneControl - INFO - TAKEOFF complete - now FLYING
2026-06-14 23:11:09,631 - V3DDroneControl - INFO - Drone controller initialized
2026-06-14 23:11:09,631 - V3DDroneControl - INFO - Drone received gesture: TAKEOFF (confidence=0.90)
2026-06-14 23:11:09,631 - V3DDroneControl - INFO - TAKEOFF initiated
2026-06-14 23:11:10,006 - V3DDroneControl - INFO - Drone received gesture: HOVER (confidence=0.90)
2026-06-14 23:11:10,006 - V3DDroneControl - INFO - TAKEOFF complete - now FLYING
2026-06-14 23:11:10,069 - V3DDroneControl - INFO - Drone received gesture: LAND (confidence=0.90)
2026-06-14 23:11:10,070 - V3DDroneControl - INFO - LANDING initiated
2026-06-14 23:11:11,055 - V3DDroneControl - INFO - Drone received gesture: HOVER (confidence=0.90)
2026-06-14 23:11:11,087 - V3DDroneControl - INFO - Drone controller initialized
2026-06-14 23:11:11,087 - V3DDroneControl - INFO - Drone received gesture: TAKEOFF (confidence=0.90)
2026-06-14 23:11:11,087 - V3DDroneControl - INFO - TAKEOFF initiated
2026-06-14 23:11:11,453 - V3DDroneControl - INFO - Drone received gesture: MOVE_FORWARD (confidence=0.90)
2026-06-14 23:11:11,575 - V3DDroneControl - INFO - Drone received gesture: EMERGENCY_STOP (confidence=0.90)
2026-06-14 23:11:11,575 - V3DDroneControl - WARNING - EMERGENCY STOP activated
2026-06-14 23:11:11,637 - V3DDroneControl - INFO - Drone controller initialized
2026-06-14 23:11:11,638 - V3DDroneControl - INFO - Drone received gesture: TAKEOFF (confidence=0.90)
2026-06-14 23:11:11,638 - V3DDroneControl - INFO - TAKEOFF initiated
2026-06-14 23:11:12,006 - V3DDroneControl - INFO - Drone received gesture: MOVE_RIGHT (confidence=0.90)
2026-06-14 23:11:12,267 - V3DDroneControl - INFO - Drone received gesture: HOVER (confidence=0.90)
2026-06-14 23:11:12,268 - V3DDroneControl - INFO - Drone controller initialized
2026-06-14 23:11:12,268 - V3DDroneControl - INFO - Drone received gesture: TAKEOFF (confidence=0.90)
2026-06-14 23:11:12,268 - V3DDroneControl - INFO - TAKEOFF initiated
2026-06-14 23:11:12,641 - V3DDroneControl - INFO - Drone controller reset
2026-06-14 23:11:12,643 - V3DDroneControl - INFO - Drone controller initialized
2026-06-14 23:11:12,643 - V3DDroneControl - INFO - Drone received gesture: TAKEOFF (confidence=0.90)
2026-06-14 23:11:12,643 - V3DDroneControl - INFO - TAKEOFF initiated
2026-06-14 23:11:13,007 - V3DDroneControl - INFO - Drone received gesture: ROTATE_RIGHT (confidence=0.90)
2026-06-14 23:11:13,286 - V3DDroneControl - INFO - Gesture changed: EMERGENCY_STOP (confidence=5/8)
2026-06-14 23:11:13,290 - V3DDroneControl - INFO - Gesture changed: MOVE_RIGHT (confidence=5/8)
2026-06-14 23:11:35,560 - V3DDroneControl - INFO - Drone controller initialized
2026-06-14 23:11:35,561 - V3DDroneControl - INFO - Drone received gesture: TAKEOFF (confidence=0.90)
2026-06-14 23:11:35,561 - V3DDroneControl - INFO - TAKEOFF initiated
2026-06-14 23:11:35,918 - V3DDroneControl - INFO - Drone received gesture: HOVER (confidence=0.90)
2026-06-14 23:11:35,918 - V3DDroneControl - INFO - TAKEOFF complete - now FLYING
2026-06-14 23:11:35,978 - V3DDroneControl - INFO - Drone received gesture: LAND (confidence=0.90)
2026-06-14 23:11:35,978 - V3DDroneControl - INFO - LANDING initiated
2026-06-14 23:11:35,979 - V3DDroneControl - INFO - Drone landed
2026-06-14 23:11:35,981 - V3DDroneControl - INFO - Drone received gesture: HOVER (confidence=0.90)
2026-06-14 23:11:58,383 - V3DDroneControl - INFO - Drone controller initialized
2026-06-14 23:11:58,384 - V3DDroneControl - INFO - Drone received gesture: TAKEOFF (confidence=0.90)
2026-06-14 23:11:58,384 - V3DDroneControl - INFO - TAKEOFF initiated
2026-06-14 23:11:58,756 - V3DDroneControl - INFO - Drone received gesture: HOVER (confidence=0.90)
2026-06-14 23:11:58,757 - V3DDroneControl - INFO - TAKEOFF complete - now FLYING
2026-06-14 23:11:58,818 - V3DDroneControl - INFO - Drone received gesture: LAND (confidence=0.90)
2026-06-14 23:11:58,818 - V3DDroneControl - INFO - LANDING initiated
2026-06-14 23:11:58,819 - V3DDroneControl - INFO - Drone landed
2026-06-14 23:11:58,820 - V3DDroneControl - INFO - Drone received gesture: HOVER (confidence=0.90)
2026-06-14 23:12:03,946 - V3DDroneControl - INFO - Drone controller initialized
2026-06-14 23:12:03,947 - V3DDroneControl - INFO - Drone controller initialized
2026-06-14 23:12:03,947 - V3DDroneControl - INFO - Drone received gesture: TAKEOFF (confidence=0.90)
2026-06-14 23:12:03,947 - V3DDroneControl - INFO - TAKEOFF initiated
2026-06-14 23:12:04,323 - V3DDroneControl - INFO - Drone received gesture: HOVER (confidence=0.90)
2026-06-14 23:12:04,323 - V3DDroneControl - INFO - TAKEOFF complete - now FLYING
2026-06-14 23:12:04,324 - V3DDroneControl - INFO - Drone controller initialized
2026-06-14 23:12:04,325 - V3DDroneControl - INFO - Drone received gesture: TAKEOFF (confidence=0.90)
2026-06-14 23:12:04,325 - V3DDroneControl - INFO - TAKEOFF initiated
2026-06-14 23:12:04,692 - V3DDroneControl - INFO - Drone received gesture: HOVER (confidence=0.90)
2026-06-14 23:12:04,692 - V3DDroneControl - INFO - TAKEOFF complete - now FLYING
2026-06-14 23:12:04,755 - V3DDroneControl - INFO - Drone received gesture: LAND (confidence=0.90)
2026-06-14 23:12:04,756 - V3DDroneControl - INFO - LANDING initiated
2026-06-14 23:12:04,756 - V3DDroneControl - INFO - Drone landed
2026-06-14 23:12:04,758 - V3DDroneControl - INFO - Drone received gesture: HOVER (confidence=0.90)
2026-06-14 23:12:04,759 - V3DDroneControl - INFO - Drone controller initialized
2026-06-14 23:12:04,759 - V3DDroneControl - INFO - Drone received gesture: TAKEOFF (confidence=0.90)
2026-06-14 23:12:04,759 - V3DDroneControl - INFO - TAKEOFF initiated
2026-06-14 23:12:05,130 - V3DDroneControl - INFO - Drone received gesture: MOVE_FORWARD (confidence=0.90)
2026-06-14 23:12:05,255 - V3DDroneControl - INFO - Drone received gesture: EMERGENCY_STOP (confidence=0.90)
2026-06-14 23:12:05,255 - V3DDroneControl - WARNING - EMERGENCY STOP activated
2026-06-14 23:12:05,317 - V3DDroneControl - INFO - Drone controller initialized
2026-06-14 23:12:05,317 - V3DDroneControl - INFO - Drone received gesture: TAKEOFF (confidence=0.90)
2026-06-14 23:12:05,317 - V3DDroneControl - INFO - TAKEOFF initiated
2026-06-14 23:12:05,686 - V3DDroneControl - INFO - Drone received gesture: MOVE_RIGHT (confidence=0.90)
2026-06-14 23:12:05,946 - V3DDroneControl - INFO - Drone received gesture: HOVER (confidence=0.90)
2026-06-14 23:12:05,947 - V3DDroneControl - INFO - Drone controller initialized
2026-06-14 23:12:05,948 - V3DDroneControl - INFO - Drone received gesture: TAKEOFF (confidence=0.90)
2026-06-14 23:12:05,948 - V3DDroneControl - INFO - TAKEOFF initiated
2026-06-14 23:12:06,313 - V3DDroneControl - INFO - Drone controller reset
2026-06-14 23:12:06,315 - V3DDroneControl - INFO - Drone controller initialized
2026-06-14 23:12:06,315 - V3DDroneControl - INFO - Drone received gesture: TAKEOFF (confidence=0.90)
2026-06-14 23:12:06,315 - V3DDroneControl - INFO - TAKEOFF initiated
2026-06-14 23:12:06,684 - V3DDroneControl - INFO - Drone received gesture: ROTATE_RIGHT (confidence=0.90)
2026-06-14 23:12:06,984 - V3DDroneControl - INFO - Gesture changed: EMERGENCY_STOP (confidence=5/8)
2026-06-14 23:12:06,988 - V3DDroneControl - INFO - Gesture changed: MOVE_RIGHT (confidence=5/8)
2026-06-14 23:13:22,689 - V3DDroneControl - INFO - Drone controller initialized
2026-06-14 23:13:22,690 - V3DDroneControl - INFO - Drone controller initialized
2026-06-14 23:13:22,690 - V3DDroneControl - INFO - Drone received gesture: TAKEOFF (confidence=0.90)
2026-06-14 23:13:22,690 - V3DDroneControl - INFO - TAKEOFF initiated
2026-06-14 23:13:23,059 - V3DDroneControl - INFO - Drone received gesture: HOVER (confidence=0.90)
2026-06-14 23:13:23,059 - V3DDroneControl - INFO - TAKEOFF complete - now FLYING
2026-06-14 23:13:23,060 - V3DDroneControl - INFO - Drone controller initialized
2026-06-14 23:13:23,061 - V3DDroneControl - INFO - Drone received gesture: TAKEOFF (confidence=0.90)
2026-06-14 23:13:23,061 - V3DDroneControl - INFO - TAKEOFF initiated
2026-06-14 23:13:23,426 - V3DDroneControl - INFO - Drone received gesture: HOVER (confidence=0.90)
2026-06-14 23:13:23,426 - V3DDroneControl - INFO - TAKEOFF complete - now FLYING
2026-06-14 23:13:23,487 - V3DDroneControl - INFO - Drone received gesture: LAND (confidence=0.90)
2026-06-14 23:13:23,487 - V3DDroneControl - INFO - LANDING initiated
2026-06-14 23:13:23,489 - V3DDroneControl - INFO - Drone landed
2026-06-14 23:13:23,490 - V3DDroneControl - INFO - Drone received gesture: HOVER (confidence=0.90)
2026-06-14 23:13:23,491 - V3DDroneControl - INFO - Drone controller initialized
2026-06-14 23:13:23,491 - V3DDroneControl - INFO - Drone received gesture: TAKEOFF (confidence=0.90)
2026-06-14 23:13:23,491 - V3DDroneControl - INFO - TAKEOFF initiated
2026-06-14 23:13:23,859 - V3DDroneControl - INFO - Drone received gesture: MOVE_FORWARD (confidence=0.90)
2026-06-14 23:13:23,982 - V3DDroneControl - INFO - Drone received gesture: EMERGENCY_STOP (confidence=0.90)
2026-06-14 23:13:23,982 - V3DDroneControl - WARNING - EMERGENCY STOP activated
2026-06-14 23:13:24,045 - V3DDroneControl - INFO - Drone controller initialized
2026-06-14 23:13:24,046 - V3DDroneControl - INFO - Drone received gesture: TAKEOFF (confidence=0.90)
2026-06-14 23:13:24,046 - V3DDroneControl - INFO - TAKEOFF initiated
2026-06-14 23:13:24,416 - V3DDroneControl - INFO - Drone received gesture: MOVE_RIGHT (confidence=0.90)
2026-06-14 23:13:24,677 - V3DDroneControl - INFO - Drone received gesture: HOVER (confidence=0.90)
2026-06-14 23:13:24,678 - V3DDroneControl - INFO - Drone controller initialized
2026-06-14 23:13:24,678 - V3DDroneControl - INFO - Drone received gesture: TAKEOFF (confidence=0.90)
2026-06-14 23:13:24,678 - V3DDroneControl - INFO - TAKEOFF initiated
2026-06-14 23:13:25,047 - V3DDroneControl - INFO - Drone controller reset
2026-06-14 23:13:25,048 - V3DDroneControl - INFO - Drone controller initialized
2026-06-14 23:13:25,048 - V3DDroneControl - INFO - Drone received gesture: TAKEOFF (confidence=0.90)
2026-06-14 23:13:25,048 - V3DDroneControl - INFO - TAKEOFF initiated
2026-06-14 23:13:25,419 - V3DDroneControl - INFO - Drone received gesture: ROTATE_RIGHT (confidence=0.90)
2026-06-14 23:13:25,707 - V3DDroneControl - INFO - Gesture changed: EMERGENCY_STOP (confidence=5/8)
2026-06-14 23:13:25,710 - V3DDroneControl - INFO - Gesture changed: MOVE_RIGHT (confidence=5/8)
2026-06-14 23:13:36,692 - V3DDroneControl - INFO - Drone controller initialized
2026-06-14 23:13:36,693 - V3DDroneControl - INFO - Drone received gesture: MOVE_RIGHT (confidence=0.75)
2026-06-15 10:39:33,631 - V3DDroneControl - ERROR - Initialization failed: module 'mediapipe' has no attribute 'solutions'
Traceback (most recent call last):
  File "/Users/kyte/v3dproj2/src/threading/thread_manager.py", line 136, in initialize
    self._tracker = HandTracker()
                    ^^^^^^^^^^^^^
  File "/Users/kyte/v3dproj2/src/tracking/hand_tracker.py", line 70, in __init__
    self._mp_hands = mp.solutions.hands
                     ^^^^^^^^^^^^
AttributeError: module 'mediapipe' has no attribute 'solutions'
2026-06-15 10:39:33,632 - V3DDroneControl - CRITICAL - Failed to initialize application components
2026-06-15 13:35:25,481 - V3DDroneControl - INFO - Hand landmarker model not found; downloading to /Users/kyte/v3dproj2/models/hand_landmarker.task
2026-06-15 13:35:27,070 - V3DDroneControl - INFO - Hand landmarker model downloaded successfully
2026-06-15 13:35:35,921 - V3DDroneControl - INFO - Drone controller initialized
2026-06-15 13:35:35,921 - V3DDroneControl - ERROR - Open3D is not installed. Install with: pip install open3d
2026-06-15 13:35:35,921 - V3DDroneControl - ERROR - Open3D visualizer initialization failed
2026-06-15 13:35:35,921 - V3DDroneControl - CRITICAL - Failed to initialize application components
2026-06-15 13:36:19,541 - V3DDroneControl - INFO - Hand tracker released
2026-06-15 13:36:32,084 - V3DDroneControl - INFO - Drone controller initialized
2026-06-15 13:36:32,085 - V3DDroneControl - ERROR - Open3D is not installed. Install with: pip install open3d
2026-06-15 13:36:32,085 - V3DDroneControl - ERROR - Open3D visualizer initialization failed
2026-06-15 13:36:32,085 - V3DDroneControl - CRITICAL - Failed to initialize application components
2026-06-15 13:38:16,570 - V3DDroneControl - INFO - Drone controller initialized
2026-06-15 13:38:17,859 - V3DDroneControl - WARNING - 3D labels not supported: 'open3d.cpu.pybind.visualization.Visualizer' object has no attribute 'add_3d_label'
2026-06-15 13:38:17,859 - V3DDroneControl - INFO - Open3D visualizer initialized
2026-06-15 13:38:17,860 - V3DDroneControl - INFO - All components initialized
2026-06-15 13:38:17,860 - V3DDroneControl - INFO - VirtualDroneApplication initialized
2026-06-15 13:38:17,860 - V3DDroneControl - INFO - === V3D Virtual Drone Control System Starting ===
2026-06-15 13:38:17,860 - V3DDroneControl - INFO - Controls: q/ESC=quit, SPACE=pause, d=debug, r=reset, t=takeoff, l=land, e=emergency, h=help
2026-06-15 13:38:21,199 - V3DDroneControl - INFO - Camera opened: index=0, resolution=1280x720
2026-06-15 13:38:21,200 - V3DDroneControl - INFO - Camera acquisition thread started
2026-06-15 13:38:21,200 - V3DDroneControl - INFO - Hand tracking thread started
2026-06-15 13:38:21,200 - V3DDroneControl - INFO - Gesture recognition thread started
2026-06-15 13:38:21,200 - V3DDroneControl - INFO - Drone simulation thread started
2026-06-15 13:38:21,241 - V3DDroneControl - INFO - Visualization thread started
2026-06-15 13:38:21,241 - V3DDroneControl - ERROR - Visualization thread error: Caught an unknown exception!
2026-06-15 13:38:21,241 - V3DDroneControl - INFO - Started 5 processing threads
2026-06-15 13:38:21,242 - V3DDroneControl - WARNING - Component errors: ['[visualization] Caught an unknown exception!']
2026-06-15 13:38:21,253 - V3DDroneControl - WARNING - Component errors: ['[visualization] Caught an unknown exception!']
2026-06-15 13:38:24,249 - V3DDroneControl - WARNING - Component errors: ['[visualization] Caught an unknown exception!']
2026-06-15 13:38:24,431 - V3DDroneControl - WARNING - Component errors: ['[visualization] Caught an unknown exception!']
2026-06-15 13:38:24,553 - V3DDroneControl - WARNING - Component errors: ['[visualization] Caught an unknown exception!']
2026-06-15 13:38:24,710 - V3DDroneControl - WARNING - Component errors: ['[visualization] Caught an unknown exception!']
2026-06-15 13:38:24,860 - V3DDroneControl - WARNING - Component errors: ['[visualization] Caught an unknown exception!']
2026-06-15 13:38:24,968 - V3DDroneControl - WARNING - Component errors: ['[visualization] Caught an unknown exception!']
2026-06-15 13:38:25,169 - V3DDroneControl - WARNING - Component errors: ['[visualization] Caught an unknown exception!']
2026-06-15 13:38:25,321 - V3DDroneControl - WARNING - Component errors: ['[visualization] Caught an unknown exception!']
2026-06-15 13:38:25,403 - V3DDroneControl - WARNING - Component errors: ['[visualization] Caught an unknown exception!']
2026-06-15 13:38:25,539 - V3DDroneControl - WARNING - Component errors: ['[visualization] Caught an unknown exception!']
2026-06-15 13:38:25,682 - V3DDroneControl - WARNING - Component errors: ['[visualization] Caught an unknown exception!']
2026-06-15 13:38:25,895 - V3DDroneControl - WARNING - Component errors: ['[visualization] Caught an unknown exception!']
2026-06-15 13:38:26,037 - V3DDroneControl - WARNING - Component errors: ['[visualization] Caught an unknown exception!']
2026-06-15 13:38:26,165 - V3DDroneControl - WARNING - Component errors: ['[visualization] Caught an unknown exception!']
2026-06-15 13:38:26,300 - V3DDroneControl - WARNING - Component errors: ['[visualization] Caught an unknown exception!']
2026-06-15 13:38:26,385 - V3DDroneControl - WARNING - Component errors: ['[visualization] Caught an unknown exception!']
2026-06-15 13:38:26,471 - V3DDroneControl - WARNING - Component errors: ['[visualization] Caught an unknown exception!']
2026-06-15 13:38:26,617 - V3DDroneControl - WARNING - Component errors: ['[visualization] Caught an unknown exception!']
2026-06-15 13:38:26,774 - V3DDroneControl - WARNING - Component errors: ['[visualization] Caught an unknown exception!']
2026-06-15 13:38:26,874 - V3DDroneControl - WARNING - Component errors: ['[visualization] Caught an unknown exception!']
2026-06-15 13:38:26,968 - V3DDroneControl - WARNING - Component errors: ['[visualization] Caught an unknown exception!']
2026-06-15 13:38:27,106 - V3DDroneControl - WARNING - Component errors: ['[visualization] Caught an unknown exception!']
2026-06-15 13:38:27,205 - V3DDroneControl - WARNING - Component errors: ['[visualization] Caught an unknown exception!']
2026-06-15 13:38:27,324 - V3DDroneControl - WARNING - Component errors: ['[visualization] Caught an unknown exception!']
2026-06-15 13:38:27,508 - V3DDroneControl - WARNING - Component errors: ['[visualization] Caught an unknown exception!']
2026-06-15 13:38:27,637 - V3DDroneControl - WARNING - Component errors: ['[visualization] Caught an unknown exception!']
2026-06-15 13:38:27,739 - V3DDroneControl - WARNING - Component errors: ['[visualization] Caught an unknown exception!']
2026-06-15 13:38:27,866 - V3DDroneControl - WARNING - Component errors: ['[visualization] Caught an unknown exception!']
2026-06-15 13:38:28,012 - V3DDroneControl - WARNING - Component errors: ['[visualization] Caught an unknown exception!']
2026-06-15 13:38:28,154 - V3DDroneControl - WARNING - Component errors: ['[visualization] Caught an unknown exception!']
2026-06-15 13:38:28,267 - V3DDroneControl - WARNING - Component errors: ['[visualization] Caught an unknown exception!']
2026-06-15 13:38:28,425 - V3DDroneControl - WARNING - Component errors: ['[visualization] Caught an unknown exception!']
2026-06-15 13:38:28,580 - V3DDroneControl - WARNING - Component errors: ['[visualization] Caught an unknown exception!']
2026-06-15 13:38:28,695 - V3DDroneControl - WARNING - Component errors: ['[visualization] Caught an unknown exception!']
2026-06-15 13:38:28,817 - V3DDroneControl - WARNING - Component errors: ['[visualization] Caught an unknown exception!']
2026-06-15 13:38:28,925 - V3DDroneControl - WARNING - Component errors: ['[visualization] Caught an unknown exception!']
2026-06-15 13:38:29,105 - V3DDroneControl - WARNING - Component errors: ['[visualization] Caught an unknown exception!']
2026-06-15 13:38:29,227 - V3DDroneControl - WARNING - Component errors: ['[visualization] Caught an unknown exception!']
2026-06-15 13:38:29,354 - V3DDroneControl - WARNING - Component errors: ['[visualization] Caught an unknown exception!']
2026-06-15 13:38:29,479 - V3DDroneControl - WARNING - Component errors: ['[visualization] Caught an unknown exception!']
2026-06-15 13:38:29,594 - V3DDroneControl - WARNING - Component errors: ['[visualization] Caught an unknown exception!']
2026-06-15 13:38:29,699 - V3DDroneControl - WARNING - Component errors: ['[visualization] Caught an unknown exception!']
2026-06-15 13:38:29,843 - V3DDroneControl - WARNING - Component errors: ['[visualization] Caught an unknown exception!']
2026-06-15 13:38:29,951 - V3DDroneControl - WARNING - Component errors: ['[visualization] Caught an unknown exception!']
2026-06-15 13:38:30,115 - V3DDroneControl - WARNING - Component errors: ['[visualization] Caught an unknown exception!']
2026-06-15 13:38:30,218 - V3DDroneControl - WARNING - Component errors: ['[visualization] Caught an unknown exception!']
2026-06-15 13:38:30,330 - V3DDroneControl - WARNING - Component errors: ['[visualization] Caught an unknown exception!']
2026-06-15 13:38:30,439 - V3DDroneControl - WARNING - Component errors: ['[visualization] Caught an unknown exception!']
2026-06-15 13:38:30,533 - V3DDroneControl - WARNING - Component errors: ['[visualization] Caught an unknown exception!']
2026-06-15 13:38:30,656 - V3DDroneControl - WARNING - Component errors: ['[visualization] Caught an unknown exception!']
2026-06-15 13:38:30,761 - V3DDroneControl - WARNING - Component errors: ['[visualization] Caught an unknown exception!']
2026-06-15 13:38:30,856 - V3DDroneControl - WARNING - Component errors: ['[visualization] Caught an unknown exception!']
2026-06-15 13:38:30,964 - V3DDroneControl - WARNING - Component errors: ['[visualization] Caught an unknown exception!']
2026-06-15 13:38:31,099 - V3DDroneControl - WARNING - Component errors: ['[visualization] Caught an unknown exception!']
2026-06-15 13:38:31,257 - V3DDroneControl - WARNING - Component errors: ['[visualization] Caught an unknown exception!']
2026-06-15 13:38:31,423 - V3DDroneControl - WARNING - Component errors: ['[visualization] Caught an unknown exception!']
2026-06-15 13:38:31,536 - V3DDroneControl - WARNING - Component errors: ['[visualization] Caught an unknown exception!']
2026-06-15 13:38:31,642 - V3DDroneControl - WARNING - Component errors: ['[visualization] Caught an unknown exception!']
2026-06-15 13:38:31,732 - V3DDroneControl - WARNING - Component errors: ['[visualization] Caught an unknown exception!']
2026-06-15 13:38:31,830 - V3DDroneControl - WARNING - Component errors: ['[visualization] Caught an unknown exception!']
2026-06-15 13:38:31,961 - V3DDroneControl - WARNING - Component errors: ['[visualization] Caught an unknown exception!']
2026-06-15 13:38:32,097 - V3DDroneControl - WARNING - Component errors: ['[visualization] Caught an unknown exception!']
2026-06-15 13:38:32,224 - V3DDroneControl - WARNING - Component errors: ['[visualization] Caught an unknown exception!']
2026-06-15 13:38:32,369 - V3DDroneControl - WARNING - Component errors: ['[visualization] Caught an unknown exception!']
2026-06-15 13:38:32,514 - V3DDroneControl - WARNING - Component errors: ['[visualization] Caught an unknown exception!']
2026-06-15 13:38:32,598 - V3DDroneControl - INFO - Drone received gesture: HOVER (confidence=0.40)
2026-06-15 13:38:32,631 - V3DDroneControl - WARNING - Component errors: ['[visualization] Caught an unknown exception!']
2026-06-15 13:38:32,733 - V3DDroneControl - INFO - Drone received gesture: NONE (confidence=0.40)
2026-06-15 13:38:32,787 - V3DDroneControl - WARNING - Component errors: ['[visualization] Caught an unknown exception!']
2026-06-15 13:38:32,880 - V3DDroneControl - INFO - Gesture changed: HOVER (confidence=5/8)
2026-06-15 13:38:32,892 - V3DDroneControl - INFO - Drone received gesture: HOVER (confidence=0.40)
2026-06-15 13:38:32,914 - V3DDroneControl - WARNING - Component errors: ['[visualization] Caught an unknown exception!']
2026-06-15 13:38:33,115 - V3DDroneControl - WARNING - Component errors: ['[visualization] Caught an unknown exception!']
2026-06-15 13:38:33,284 - V3DDroneControl - WARNING - Component errors: ['[visualization] Caught an unknown exception!']
2026-06-15 13:38:33,486 - V3DDroneControl - WARNING - Component errors: ['[visualization] Caught an unknown exception!']
2026-06-15 13:38:33,641 - V3DDroneControl - WARNING - Component errors: ['[visualization] Caught an unknown exception!']
2026-06-15 13:38:33,809 - V3DDroneControl - WARNING - Component errors: ['[visualization] Caught an unknown exception!']
2026-06-15 13:38:33,974 - V3DDroneControl - WARNING - Component errors: ['[visualization] Caught an unknown exception!']
2026-06-15 13:38:34,109 - V3DDroneControl - WARNING - Component errors: ['[visualization] Caught an unknown exception!']
2026-06-15 13:38:34,260 - V3DDroneControl - WARNING - Component errors: ['[visualization] Caught an unknown exception!']
2026-06-15 13:38:34,377 - V3DDroneControl - WARNING - Component errors: ['[visualization] Caught an unknown exception!']
2026-06-15 13:38:34,494 - V3DDroneControl - WARNING - Component errors: ['[visualization] Caught an unknown exception!']
2026-06-15 13:38:34,632 - V3DDroneControl - WARNING - Component errors: ['[visualization] Caught an unknown exception!']
2026-06-15 13:38:34,791 - V3DDroneControl - WARNING - Component errors: ['[visualization] Caught an unknown exception!']
2026-06-15 13:38:34,942 - V3DDroneControl - WARNING - Component errors: ['[visualization] Caught an unknown exception!']
2026-06-15 13:38:35,065 - V3DDroneControl - WARNING - Component errors: ['[visualization] Caught an unknown exception!']
2026-06-15 13:38:35,177 - V3DDroneControl - WARNING - Component errors: ['[visualization] Caught an unknown exception!']
2026-06-15 13:38:35,321 - V3DDroneControl - WARNING - Component errors: ['[visualization] Caught an unknown exception!']
2026-06-15 13:38:35,482 - V3DDroneControl - WARNING - Component errors: ['[visualization] Caught an unknown exception!']
2026-06-15 13:38:35,593 - V3DDroneControl - WARNING - Component errors: ['[visualization] Caught an unknown exception!']
2026-06-15 13:38:35,761 - V3DDroneControl - WARNING - Component errors: ['[visualization] Caught an unknown exception!']
2026-06-15 13:38:35,907 - V3DDroneControl - WARNING - Component errors: ['[visualization] Caught an unknown exception!']
2026-06-15 13:38:36,054 - V3DDroneControl - WARNING - Component errors: ['[visualization] Caught an unknown exception!']
2026-06-15 13:38:36,198 - V3DDroneControl - WARNING - Component errors: ['[visualization] Caught an unknown exception!']
2026-06-15 13:38:36,329 - V3DDroneControl - WARNING - Component errors: ['[visualization] Caught an unknown exception!']
2026-06-15 13:38:36,478 - V3DDroneControl - WARNING - Component errors: ['[visualization] Caught an unknown exception!']
2026-06-15 13:38:36,639 - V3DDroneControl - WARNING - Component errors: ['[visualization] Caught an unknown exception!']
2026-06-15 13:38:36,772 - V3DDroneControl - WARNING - Component errors: ['[visualization] Caught an unknown exception!']
2026-06-15 13:38:36,908 - V3DDroneControl - WARNING - Component errors: ['[visualization] Caught an unknown exception!']
2026-06-15 13:38:36,991 - V3DDroneControl - WARNING - Component errors: ['[visualization] Caught an unknown exception!']
2026-06-15 13:38:37,178 - V3DDroneControl - WARNING - Component errors: ['[visualization] Caught an unknown exception!']
2026-06-15 13:38:37,313 - V3DDroneControl - WARNING - Component errors: ['[visualization] Caught an unknown exception!']
2026-06-15 13:38:37,504 - V3DDroneControl - WARNING - Component errors: ['[visualization] Caught an unknown exception!']
2026-06-15 13:38:37,635 - V3DDroneControl - WARNING - Component errors: ['[visualization] Caught an unknown exception!']
2026-06-15 13:38:37,794 - V3DDroneControl - WARNING - Component errors: ['[visualization] Caught an unknown exception!']
2026-06-15 13:38:37,932 - V3DDroneControl - WARNING - Component errors: ['[visualization] Caught an unknown exception!']
2026-06-15 13:38:38,032 - V3DDroneControl - WARNING - Component errors: ['[visualization] Caught an unknown exception!']
2026-06-15 13:38:38,195 - V3DDroneControl - WARNING - Component errors: ['[visualization] Caught an unknown exception!']
2026-06-15 13:38:38,361 - V3DDroneControl - WARNING - Component errors: ['[visualization] Caught an unknown exception!']
2026-06-15 13:38:38,503 - V3DDroneControl - WARNING - Component errors: ['[visualization] Caught an unknown exception!']
2026-06-15 13:38:38,699 - V3DDroneControl - WARNING - Component errors: ['[visualization] Caught an unknown exception!']
2026-06-15 13:38:38,853 - V3DDroneControl - WARNING - Component errors: ['[visualization] Caught an unknown exception!']
2026-06-15 13:38:39,075 - V3DDroneControl - WARNING - Component errors: ['[visualization] Caught an unknown exception!']
2026-06-15 13:38:39,208 - V3DDroneControl - WARNING - Component errors: ['[visualization] Caught an unknown exception!']
2026-06-15 13:38:39,348 - V3DDroneControl - WARNING - Component errors: ['[visualization] Caught an unknown exception!']
2026-06-15 13:38:39,471 - V3DDroneControl - WARNING - Component errors: ['[visualization] Caught an unknown exception!']
2026-06-15 13:38:39,640 - V3DDroneControl - WARNING - Component errors: ['[visualization] Caught an unknown exception!']
2026-06-15 13:38:39,758 - V3DDroneControl - WARNING - Component errors: ['[visualization] Caught an unknown exception!']
2026-06-15 13:38:39,854 - V3DDroneControl - WARNING - Component errors: ['[visualization] Caught an unknown exception!']
2026-06-15 13:38:40,016 - V3DDroneControl - WARNING - Component errors: ['[visualization] Caught an unknown exception!']
2026-06-15 13:38:40,189 - V3DDroneControl - WARNING - Component errors: ['[visualization] Caught an unknown exception!']
2026-06-15 13:38:40,338 - V3DDroneControl - WARNING - Component errors: ['[visualization] Caught an unknown exception!']
2026-06-15 13:38:40,511 - V3DDroneControl - WARNING - Component errors: ['[visualization] Caught an unknown exception!']
2026-06-15 13:38:40,661 - V3DDroneControl - WARNING - Component errors: ['[visualization] Caught an unknown exception!']
2026-06-15 13:38:40,818 - V3DDroneControl - WARNING - Component errors: ['[visualization] Caught an unknown exception!']
2026-06-15 13:38:40,957 - V3DDroneControl - WARNING - Component errors: ['[visualization] Caught an unknown exception!']
2026-06-15 13:38:41,195 - V3DDroneControl - WARNING - Component errors: ['[visualization] Caught an unknown exception!']
2026-06-15 13:38:41,327 - V3DDroneControl - WARNING - Component errors: ['[visualization] Caught an unknown exception!']
2026-06-15 13:38:41,487 - V3DDroneControl - WARNING - Component errors: ['[visualization] Caught an unknown exception!']
2026-06-15 13:38:41,603 - V3DDroneControl - WARNING - Component errors: ['[visualization] Caught an unknown exception!']
2026-06-15 13:38:41,747 - V3DDroneControl - WARNING - Component errors: ['[visualization] Caught an unknown exception!']
2026-06-15 13:38:41,884 - V3DDroneControl - WARNING - Component errors: ['[visualization] Caught an unknown exception!']
2026-06-15 13:38:42,062 - V3DDroneControl - WARNING - Component errors: ['[visualization] Caught an unknown exception!']
2026-06-15 13:38:42,225 - V3DDroneControl - WARNING - Component errors: ['[visualization] Caught an unknown exception!']
2026-06-15 13:38:42,370 - V3DDroneControl - WARNING - Component errors: ['[visualization] Caught an unknown exception!']
2026-06-15 13:38:42,518 - V3DDroneControl - WARNING - Component errors: ['[visualization] Caught an unknown exception!']
2026-06-15 13:38:42,677 - V3DDroneControl - WARNING - Component errors: ['[visualization] Caught an unknown exception!']
2026-06-15 13:38:42,786 - V3DDroneControl - WARNING - Component errors: ['[visualization] Caught an unknown exception!']
2026-06-15 13:38:42,898 - V3DDroneControl - WARNING - Component errors: ['[visualization] Caught an unknown exception!']
2026-06-15 13:38:43,031 - V3DDroneControl - WARNING - Component errors: ['[visualization] Caught an unknown exception!']
2026-06-15 13:38:43,194 - V3DDroneControl - WARNING - Component errors: ['[visualization] Caught an unknown exception!']
2026-06-15 13:38:43,325 - V3DDroneControl - WARNING - Component errors: ['[visualization] Caught an unknown exception!']
2026-06-15 13:38:43,496 - V3DDroneControl - WARNING - Component errors: ['[visualization] Caught an unknown exception!']
2026-06-15 13:38:43,693 - V3DDroneControl - WARNING - Component errors: ['[visualization] Caught an unknown exception!']
2026-06-15 13:38:43,831 - V3DDroneControl - WARNING - Component errors: ['[visualization] Caught an unknown exception!']
2026-06-15 13:38:44,021 - V3DDroneControl - WARNING - Component errors: ['[visualization] Caught an unknown exception!']
2026-06-15 13:38:44,219 - V3DDroneControl - WARNING - Component errors: ['[visualization] Caught an unknown exception!']
2026-06-15 13:38:44,335 - V3DDroneControl - WARNING - Component errors: ['[visualization] Caught an unknown exception!']
2026-06-15 13:38:44,463 - V3DDroneControl - WARNING - Component errors: ['[visualization] Caught an unknown exception!']
2026-06-15 13:38:44,606 - V3DDroneControl - WARNING - Component errors: ['[visualization] Caught an unknown exception!']
2026-06-15 13:38:44,770 - V3DDroneControl - WARNING - Component errors: ['[visualization] Caught an unknown exception!']
2026-06-15 13:38:44,949 - V3DDroneControl - WARNING - Component errors: ['[visualization] Caught an unknown exception!']
2026-06-15 13:38:45,075 - V3DDroneControl - WARNING - Component errors: ['[visualization] Caught an unknown exception!']
2026-06-15 13:38:45,252 - V3DDroneControl - WARNING - Component errors: ['[visualization] Caught an unknown exception!']
2026-06-15 13:38:45,388 - V3DDroneControl - WARNING - Component errors: ['[visualization] Caught an unknown exception!']
2026-06-15 13:38:45,539 - V3DDroneControl - WARNING - Component errors: ['[visualization] Caught an unknown exception!']
2026-06-15 13:38:45,740 - V3DDroneControl - WARNING - Component errors: ['[visualization] Caught an unknown exception!']
2026-06-15 13:38:45,901 - V3DDroneControl - WARNING - Component errors: ['[visualization] Caught an unknown exception!']
2026-06-15 13:38:46,079 - V3DDroneControl - WARNING - Component errors: ['[visualization] Caught an unknown exception!']
2026-06-15 13:38:46,218 - V3DDroneControl - WARNING - Component errors: ['[visualization] Caught an unknown exception!']
2026-06-15 13:38:46,374 - V3DDroneControl - WARNING - Component errors: ['[visualization] Caught an unknown exception!']
2026-06-15 13:38:46,508 - V3DDroneControl - WARNING - Component errors: ['[visualization] Caught an unknown exception!']
2026-06-15 13:38:46,699 - V3DDroneControl - WARNING - Component errors: ['[visualization] Caught an unknown exception!']
2026-06-15 13:38:46,899 - V3DDroneControl - WARNING - Component errors: ['[visualization] Caught an unknown exception!']
2026-06-15 13:38:47,013 - V3DDroneControl - WARNING - Component errors: ['[visualization] Caught an unknown exception!']
2026-06-15 13:38:47,185 - V3DDroneControl - WARNING - Component errors: ['[visualization] Caught an unknown exception!']
2026-06-15 13:38:47,384 - V3DDroneControl - WARNING - Component errors: ['[visualization] Caught an unknown exception!']
2026-06-15 13:38:47,607 - V3DDroneControl - WARNING - Component errors: ['[visualization] Caught an unknown exception!']
2026-06-15 13:38:47,778 - V3DDroneControl - WARNING - Component errors: ['[visualization] Caught an unknown exception!']
2026-06-15 13:38:47,919 - V3DDroneControl - WARNING - Component errors: ['[visualization] Caught an unknown exception!']
2026-06-15 13:38:48,024 - V3DDroneControl - WARNING - Component errors: ['[visualization] Caught an unknown exception!']
2026-06-15 13:38:48,176 - V3DDroneControl - WARNING - Component errors: ['[visualization] Caught an unknown exception!']
2026-06-15 13:38:48,281 - V3DDroneControl - WARNING - Component errors: ['[visualization] Caught an unknown exception!']
2026-06-15 13:38:48,491 - V3DDroneControl - WARNING - Component errors: ['[visualization] Caught an unknown exception!']
2026-06-15 13:38:48,663 - V3DDroneControl - WARNING - Component errors: ['[visualization] Caught an unknown exception!']
2026-06-15 13:38:48,830 - V3DDroneControl - WARNING - Component errors: ['[visualization] Caught an unknown exception!']
2026-06-15 13:38:49,003 - V3DDroneControl - WARNING - Component errors: ['[visualization] Caught an unknown exception!']
2026-06-15 13:38:49,152 - V3DDroneControl - WARNING - Component errors: ['[visualization] Caught an unknown exception!']
2026-06-15 13:38:49,317 - V3DDroneControl - WARNING - Component errors: ['[visualization] Caught an unknown exception!']
2026-06-15 13:38:49,456 - V3DDroneControl - WARNING - Component errors: ['[visualization] Caught an unknown exception!']
2026-06-15 13:38:49,622 - V3DDroneControl - WARNING - Component errors: ['[visualization] Caught an unknown exception!']
2026-06-15 13:38:49,766 - V3DDroneControl - WARNING - Component errors: ['[visualization] Caught an unknown exception!']
2026-06-15 13:38:49,906 - V3DDroneControl - WARNING - Component errors: ['[visualization] Caught an unknown exception!']
2026-06-15 13:38:50,071 - V3DDroneControl - WARNING - Component errors: ['[visualization] Caught an unknown exception!']
2026-06-15 13:38:50,223 - V3DDroneControl - WARNING - Component errors: ['[visualization] Caught an unknown exception!']
2026-06-15 13:38:50,401 - V3DDroneControl - WARNING - Component errors: ['[visualization] Caught an unknown exception!']
2026-06-15 13:38:50,572 - V3DDroneControl - WARNING - Component errors: ['[visualization] Caught an unknown exception!']
2026-06-15 13:38:50,707 - V3DDroneControl - WARNING - Component errors: ['[visualization] Caught an unknown exception!']
2026-06-15 13:38:50,849 - V3DDroneControl - WARNING - Component errors: ['[visualization] Caught an unknown exception!']
2026-06-15 13:38:50,995 - V3DDroneControl - WARNING - Component errors: ['[visualization] Caught an unknown exception!']
2026-06-15 13:38:51,177 - V3DDroneControl - WARNING - Component errors: ['[visualization] Caught an unknown exception!']
2026-06-15 13:38:51,369 - V3DDroneControl - WARNING - Component errors: ['[visualization] Caught an unknown exception!']
2026-06-15 13:38:51,533 - V3DDroneControl - WARNING - Component errors: ['[visualization] Caught an unknown exception!']
2026-06-15 13:38:51,695 - V3DDroneControl - WARNING - Component errors: ['[visualization] Caught an unknown exception!']
2026-06-15 13:38:51,902 - V3DDroneControl - WARNING - Component errors: ['[visualization] Caught an unknown exception!']
2026-06-15 13:38:52,033 - V3DDroneControl - WARNING - Component errors: ['[visualization] Caught an unknown exception!']
2026-06-15 13:38:52,220 - V3DDroneControl - WARNING - Component errors: ['[visualization] Caught an unknown exception!']
2026-06-15 13:38:52,404 - V3DDroneControl - WARNING - Component errors: ['[visualization] Caught an unknown exception!']
2026-06-15 13:38:52,572 - V3DDroneControl - WARNING - Component errors: ['[visualization] Caught an unknown exception!']
2026-06-15 13:38:52,697 - V3DDroneControl - WARNING - Component errors: ['[visualization] Caught an unknown exception!']
2026-06-15 13:38:52,847 - V3DDroneControl - WARNING - Component errors: ['[visualization] Caught an unknown exception!']
2026-06-15 13:38:53,026 - V3DDroneControl - WARNING - Component errors: ['[visualization] Caught an unknown exception!']
2026-06-15 13:38:53,187 - V3DDroneControl - WARNING - Component errors: ['[visualization] Caught an unknown exception!']
2026-06-15 13:38:53,360 - V3DDroneControl - WARNING - Component errors: ['[visualization] Caught an unknown exception!']
2026-06-15 13:38:53,533 - V3DDroneControl - WARNING - Component errors: ['[visualization] Caught an unknown exception!']
2026-06-15 13:38:53,698 - V3DDroneControl - WARNING - Component errors: ['[visualization] Caught an unknown exception!']
2026-06-15 13:38:53,864 - V3DDroneControl - WARNING - Component errors: ['[visualization] Caught an unknown exception!']
2026-06-15 13:38:54,014 - V3DDroneControl - WARNING - Component errors: ['[visualization] Caught an unknown exception!']
2026-06-15 13:38:54,186 - V3DDroneControl - WARNING - Component errors: ['[visualization] Caught an unknown exception!']
2026-06-15 13:38:54,367 - V3DDroneControl - WARNING - Component errors: ['[visualization] Caught an unknown exception!']
2026-06-15 13:38:54,488 - V3DDroneControl - WARNING - Component errors: ['[visualization] Caught an unknown exception!']
2026-06-15 13:38:54,604 - V3DDroneControl - WARNING - Component errors: ['[visualization] Caught an unknown exception!']
2026-06-15 13:38:54,747 - V3DDroneControl - WARNING - Component errors: ['[visualization] Caught an unknown exception!']
2026-06-15 13:38:54,875 - V3DDroneControl - WARNING - Component errors: ['[visualization] Caught an unknown exception!']
2026-06-15 13:38:55,072 - V3DDroneControl - WARNING - Component errors: ['[visualization] Caught an unknown exception!']
2026-06-15 13:38:55,246 - V3DDroneControl - WARNING - Component errors: ['[visualization] Caught an unknown exception!']
2026-06-15 13:38:55,389 - V3DDroneControl - WARNING - Component errors: ['[visualization] Caught an unknown exception!']
2026-06-15 13:38:55,562 - V3DDroneControl - WARNING - Component errors: ['[visualization] Caught an unknown exception!']
2026-06-15 13:38:55,698 - V3DDroneControl - WARNING - Component errors: ['[visualization] Caught an unknown exception!']
2026-06-15 13:38:55,825 - V3DDroneControl - WARNING - Component errors: ['[visualization] Caught an unknown exception!']
2026-06-15 13:38:55,935 - V3DDroneControl - WARNING - Component errors: ['[visualization] Caught an unknown exception!']
2026-06-15 13:38:56,097 - V3DDroneControl - WARNING - Component errors: ['[visualization] Caught an unknown exception!']
2026-06-15 13:38:56,252 - V3DDroneControl - WARNING - Component errors: ['[visualization] Caught an unknown exception!']
2026-06-15 13:38:56,424 - V3DDroneControl - WARNING - Component errors: ['[visualization] Caught an unknown exception!']
2026-06-15 13:38:56,559 - V3DDroneControl - WARNING - Component errors: ['[visualization] Caught an unknown exception!']
2026-06-15 13:38:56,699 - V3DDroneControl - WARNING - Component errors: ['[visualization] Caught an unknown exception!']
2026-06-15 13:38:56,823 - V3DDroneControl - WARNING - Component errors: ['[visualization] Caught an unknown exception!']
2026-06-15 13:38:56,980 - V3DDroneControl - WARNING - Component errors: ['[visualization] Caught an unknown exception!']
2026-06-15 13:38:57,161 - V3DDroneControl - WARNING - Component errors: ['[visualization] Caught an unknown exception!']
2026-06-15 13:38:57,310 - V3DDroneControl - WARNING - Component errors: ['[visualization] Caught an unknown exception!']
2026-06-15 13:38:57,429 - V3DDroneControl - WARNING - Component errors: ['[visualization] Caught an unknown exception!']
2026-06-15 13:38:57,562 - V3DDroneControl - WARNING - Component errors: ['[visualization] Caught an unknown exception!']
2026-06-15 13:38:57,710 - V3DDroneControl - WARNING - Component errors: ['[visualization] Caught an unknown exception!']
2026-06-15 13:38:57,840 - V3DDroneControl - WARNING - Component errors: ['[visualization] Caught an unknown exception!']
2026-06-15 13:38:57,992 - V3DDroneControl - WARNING - Component errors: ['[visualization] Caught an unknown exception!']
2026-06-15 13:38:58,138 - V3DDroneControl - WARNING - Component errors: ['[visualization] Caught an unknown exception!']
2026-06-15 13:38:58,263 - V3DDroneControl - WARNING - Component errors: ['[visualization] Caught an unknown exception!']
2026-06-15 13:38:58,453 - V3DDroneControl - WARNING - Component errors: ['[visualization] Caught an unknown exception!']
2026-06-15 13:38:58,607 - V3DDroneControl - WARNING - Component errors: ['[visualization] Caught an unknown exception!']
2026-06-15 13:38:58,777 - V3DDroneControl - WARNING - Component errors: ['[visualization] Caught an unknown exception!']
2026-06-15 13:38:58,960 - V3DDroneControl - WARNING - Component errors: ['[visualization] Caught an unknown exception!']
2026-06-15 13:38:59,098 - V3DDroneControl - WARNING - Component errors: ['[visualization] Caught an unknown exception!']
2026-06-15 13:38:59,284 - V3DDroneControl - WARNING - Component errors: ['[visualization] Caught an unknown exception!']
2026-06-15 13:38:59,467 - V3DDroneControl - WARNING - Component errors: ['[visualization] Caught an unknown exception!']
2026-06-15 13:38:59,636 - V3DDroneControl - WARNING - Component errors: ['[visualization] Caught an unknown exception!']
2026-06-15 13:38:59,789 - V3DDroneControl - WARNING - Component errors: ['[visualization] Caught an unknown exception!']
2026-06-15 13:38:59,932 - V3DDroneControl - WARNING - Component errors: ['[visualization] Caught an unknown exception!']
2026-06-15 13:39:00,064 - V3DDroneControl - WARNING - Component errors: ['[visualization] Caught an unknown exception!']
2026-06-15 13:39:00,201 - V3DDroneControl - WARNING - Component errors: ['[visualization] Caught an unknown exception!']
2026-06-15 13:39:00,338 - V3DDroneControl - WARNING - Component errors: ['[visualization] Caught an unknown exception!']
2026-06-15 13:39:00,492 - V3DDroneControl - WARNING - Component errors: ['[visualization] Caught an unknown exception!']
2026-06-15 13:39:00,619 - V3DDroneControl - WARNING - Component errors: ['[visualization] Caught an unknown exception!']
2026-06-15 13:39:00,764 - V3DDroneControl - WARNING - Component errors: ['[visualization] Caught an unknown exception!']
2026-06-15 13:39:00,903 - V3DDroneControl - WARNING - Component errors: ['[visualization] Caught an unknown exception!']
2026-06-15 13:39:01,076 - V3DDroneControl - WARNING - Component errors: ['[visualization] Caught an unknown exception!']
2026-06-15 13:39:01,196 - V3DDroneControl - WARNING - Component errors: ['[visualization] Caught an unknown exception!']
2026-06-15 13:39:01,318 - V3DDroneControl - WARNING - Component errors: ['[visualization] Caught an unknown exception!']
2026-06-15 13:39:01,486 - V3DDroneControl - WARNING - Component errors: ['[visualization] Caught an unknown exception!']
2026-06-15 13:39:01,608 - V3DDroneControl - WARNING - Component errors: ['[visualization] Caught an unknown exception!']
2026-06-15 13:39:01,722 - V3DDroneControl - WARNING - Component errors: ['[visualization] Caught an unknown exception!']
2026-06-15 13:39:01,919 - V3DDroneControl - WARNING - Component errors: ['[visualization] Caught an unknown exception!']
2026-06-15 13:39:02,080 - V3DDroneControl - WARNING - Component errors: ['[visualization] Caught an unknown exception!']
2026-06-15 13:39:02,202 - V3DDroneControl - WARNING - Component errors: ['[visualization] Caught an unknown exception!']
2026-06-15 13:39:02,343 - V3DDroneControl - WARNING - Component errors: ['[visualization] Caught an unknown exception!']
2026-06-15 13:39:02,489 - V3DDroneControl - WARNING - Component errors: ['[visualization] Caught an unknown exception!']
2026-06-15 13:39:02,623 - V3DDroneControl - WARNING - Component errors: ['[visualization] Caught an unknown exception!']
2026-06-15 13:39:02,777 - V3DDroneControl - WARNING - Component errors: ['[visualization] Caught an unknown exception!']
2026-06-15 13:39:02,923 - V3DDroneControl - WARNING - Component errors: ['[visualization] Caught an unknown exception!']
2026-06-15 13:39:03,068 - V3DDroneControl - WARNING - Component errors: ['[visualization] Caught an unknown exception!']
2026-06-15 13:39:03,222 - V3DDroneControl - WARNING - Component errors: ['[visualization] Caught an unknown exception!']
2026-06-15 13:39:03,326 - V3DDroneControl - WARNING - Component errors: ['[visualization] Caught an unknown exception!']
2026-06-15 13:39:03,508 - V3DDroneControl - WARNING - Component errors: ['[visualization] Caught an unknown exception!']
2026-06-15 13:39:03,646 - V3DDroneControl - WARNING - Component errors: ['[visualization] Caught an unknown exception!']
2026-06-15 13:39:03,814 - V3DDroneControl - WARNING - Component errors: ['[visualization] Caught an unknown exception!']
2026-06-15 13:39:03,956 - V3DDroneControl - WARNING - Component errors: ['[visualization] Caught an unknown exception!']
2026-06-15 13:39:04,129 - V3DDroneControl - WARNING - Component errors: ['[visualization] Caught an unknown exception!']
2026-06-15 13:39:04,253 - V3DDroneControl - WARNING - Component errors: ['[visualization] Caught an unknown exception!']
2026-06-15 13:39:04,421 - V3DDroneControl - WARNING - Component errors: ['[visualization] Caught an unknown exception!']
2026-06-15 13:39:04,558 - V3DDroneControl - WARNING - Component errors: ['[visualization] Caught an unknown exception!']
2026-06-15 13:39:04,732 - V3DDroneControl - WARNING - Component errors: ['[visualization] Caught an unknown exception!']
2026-06-15 13:39:04,866 - V3DDroneControl - WARNING - Component errors: ['[visualization] Caught an unknown exception!']
2026-06-15 13:39:05,014 - V3DDroneControl - WARNING - Component errors: ['[visualization] Caught an unknown exception!']
2026-06-15 13:39:05,164 - V3DDroneControl - WARNING - Component errors: ['[visualization] Caught an unknown exception!']
2026-06-15 13:39:05,339 - V3DDroneControl - WARNING - Component errors: ['[visualization] Caught an unknown exception!']
2026-06-15 13:39:05,516 - V3DDroneControl - WARNING - Component errors: ['[visualization] Caught an unknown exception!']
2026-06-15 13:39:05,685 - V3DDroneControl - WARNING - Component errors: ['[visualization] Caught an unknown exception!']
2026-06-15 13:39:05,861 - V3DDroneControl - WARNING - Component errors: ['[visualization] Caught an unknown exception!']
2026-06-15 13:39:05,997 - V3DDroneControl - WARNING - Component errors: ['[visualization] Caught an unknown exception!']
2026-06-15 13:39:06,164 - V3DDroneControl - WARNING - Component errors: ['[visualization] Caught an unknown exception!']
2026-06-15 13:39:06,330 - V3DDroneControl - WARNING - Component errors: ['[visualization] Caught an unknown exception!']
2026-06-15 13:39:06,455 - V3DDroneControl - WARNING - Component errors: ['[visualization] Caught an unknown exception!']
2026-06-15 13:39:06,612 - V3DDroneControl - WARNING - Component errors: ['[visualization] Caught an unknown exception!']
2026-06-15 13:39:06,798 - V3DDroneControl - WARNING - Component errors: ['[visualization] Caught an unknown exception!']
2026-06-15 13:39:07,015 - V3DDroneControl - WARNING - Component errors: ['[visualization] Caught an unknown exception!']
2026-06-15 13:39:07,200 - V3DDroneControl - WARNING - Component errors: ['[visualization] Caught an unknown exception!']
2026-06-15 13:39:07,353 - V3DDroneControl - WARNING - Component errors: ['[visualization] Caught an unknown exception!']
2026-06-15 13:39:07,503 - V3DDroneControl - WARNING - Component errors: ['[visualization] Caught an unknown exception!']
2026-06-15 13:39:07,709 - V3DDroneControl - WARNING - Component errors: ['[visualization] Caught an unknown exception!']
2026-06-15 13:39:07,841 - V3DDroneControl - WARNING - Component errors: ['[visualization] Caught an unknown exception!']
2026-06-15 13:39:07,963 - V3DDroneControl - WARNING - Component errors: ['[visualization] Caught an unknown exception!']
2026-06-15 13:39:08,087 - V3DDroneControl - WARNING - Component errors: ['[visualization] Caught an unknown exception!']
2026-06-15 13:39:08,222 - V3DDroneControl - WARNING - Component errors: ['[visualization] Caught an unknown exception!']
2026-06-15 13:39:08,370 - V3DDroneControl - WARNING - Component errors: ['[visualization] Caught an unknown exception!']
2026-06-15 13:39:08,585 - V3DDroneControl - WARNING - Component errors: ['[visualization] Caught an unknown exception!']
2026-06-15 13:39:08,766 - V3DDroneControl - WARNING - Component errors: ['[visualization] Caught an unknown exception!']
2026-06-15 13:39:08,914 - V3DDroneControl - WARNING - Component errors: ['[visualization] Caught an unknown exception!']
2026-06-15 13:39:09,044 - V3DDroneControl - WARNING - Component errors: ['[visualization] Caught an unknown exception!']
2026-06-15 13:39:09,250 - V3DDroneControl - WARNING - Component errors: ['[visualization] Caught an unknown exception!']
2026-06-15 13:39:09,434 - V3DDroneControl - WARNING - Component errors: ['[visualization] Caught an unknown exception!']
2026-06-15 13:39:09,582 - V3DDroneControl - WARNING - Component errors: ['[visualization] Caught an unknown exception!']
2026-06-15 13:39:09,768 - V3DDroneControl - WARNING - Component errors: ['[visualization] Caught an unknown exception!']
2026-06-15 13:39:09,897 - V3DDroneControl - WARNING - Component errors: ['[visualization] Caught an unknown exception!']
2026-06-15 13:39:10,060 - V3DDroneControl - WARNING - Component errors: ['[visualization] Caught an unknown exception!']
2026-06-15 13:39:10,210 - V3DDroneControl - WARNING - Component errors: ['[visualization] Caught an unknown exception!']
2026-06-15 13:39:10,406 - V3DDroneControl - WARNING - Component errors: ['[visualization] Caught an unknown exception!']
2026-06-15 13:39:10,541 - V3DDroneControl - WARNING - Component errors: ['[visualization] Caught an unknown exception!']
2026-06-15 13:39:10,642 - V3DDroneControl - WARNING - Component errors: ['[visualization] Caught an unknown exception!']
2026-06-15 13:39:10,758 - V3DDroneControl - WARNING - Component errors: ['[visualization] Caught an unknown exception!']
2026-06-15 13:39:10,980 - V3DDroneControl - WARNING - Component errors: ['[visualization] Caught an unknown exception!']
2026-06-15 13:39:11,147 - V3DDroneControl - WARNING - Component errors: ['[visualization] Caught an unknown exception!']
2026-06-15 13:39:11,270 - V3DDroneControl - WARNING - Component errors: ['[visualization] Caught an unknown exception!']
2026-06-15 13:39:11,439 - V3DDroneControl - WARNING - Component errors: ['[visualization] Caught an unknown exception!']
2026-06-15 13:39:11,620 - V3DDroneControl - WARNING - Component errors: ['[visualization] Caught an unknown exception!']
2026-06-15 13:39:11,780 - V3DDroneControl - WARNING - Component errors: ['[visualization] Caught an unknown exception!']
2026-06-15 13:39:11,904 - V3DDroneControl - WARNING - Component errors: ['[visualization] Caught an unknown exception!']
2026-06-15 13:39:12,068 - V3DDroneControl - WARNING - Component errors: ['[visualization] Caught an unknown exception!']
2026-06-15 13:39:12,191 - V3DDroneControl - WARNING - Component errors: ['[visualization] Caught an unknown exception!']
2026-06-15 13:39:12,361 - V3DDroneControl - WARNING - Component errors: ['[visualization] Caught an unknown exception!']
2026-06-15 13:39:12,540 - V3DDroneControl - WARNING - Component errors: ['[visualization] Caught an unknown exception!']
2026-06-15 13:39:12,651 - V3DDroneControl - WARNING - Component errors: ['[visualization] Caught an unknown exception!']
2026-06-15 13:39:12,833 - V3DDroneControl - WARNING - Component errors: ['[visualization] Caught an unknown exception!']
2026-06-15 13:39:12,958 - V3DDroneControl - WARNING - Component errors: ['[visualization] Caught an unknown exception!']
2026-06-15 13:39:13,119 - V3DDroneControl - WARNING - Component errors: ['[visualization] Caught an unknown exception!']
2026-06-15 13:39:13,307 - V3DDroneControl - WARNING - Component errors: ['[visualization] Caught an unknown exception!']
2026-06-15 13:39:13,494 - V3DDroneControl - WARNING - Component errors: ['[visualization] Caught an unknown exception!']
2026-06-15 13:39:13,647 - V3DDroneControl - WARNING - Component errors: ['[visualization] Caught an unknown exception!']
2026-06-15 13:39:13,822 - V3DDroneControl - WARNING - Component errors: ['[visualization] Caught an unknown exception!']
2026-06-15 13:39:14,005 - V3DDroneControl - WARNING - Component errors: ['[visualization] Caught an unknown exception!']
2026-06-15 13:39:14,176 - V3DDroneControl - WARNING - Component errors: ['[visualization] Caught an unknown exception!']
2026-06-15 13:39:14,329 - V3DDroneControl - WARNING - Component errors: ['[visualization] Caught an unknown exception!']
2026-06-15 13:39:14,472 - V3DDroneControl - WARNING - Component errors: ['[visualization] Caught an unknown exception!']
2026-06-15 13:39:14,594 - V3DDroneControl - WARNING - Component errors: ['[visualization] Caught an unknown exception!']
2026-06-15 13:39:14,667 - V3DDroneControl - WARNING - Component errors: ['[visualization] Caught an unknown exception!']
2026-06-15 13:39:14,852 - V3DDroneControl - WARNING - Component errors: ['[visualization] Caught an unknown exception!']
2026-06-15 13:39:15,012 - V3DDroneControl - WARNING - Component errors: ['[visualization] Caught an unknown exception!']
2026-06-15 13:39:15,132 - V3DDroneControl - WARNING - Component errors: ['[visualization] Caught an unknown exception!']
2026-06-15 13:39:15,257 - V3DDroneControl - WARNING - Component errors: ['[visualization] Caught an unknown exception!']
2026-06-15 13:39:15,375 - V3DDroneControl - WARNING - Component errors: ['[visualization] Caught an unknown exception!']
2026-06-15 13:39:15,520 - V3DDroneControl - WARNING - Component errors: ['[visualization] Caught an unknown exception!']
2026-06-15 13:39:15,679 - V3DDroneControl - WARNING - Component errors: ['[visualization] Caught an unknown exception!']
2026-06-15 13:39:15,810 - V3DDroneControl - WARNING - Component errors: ['[visualization] Caught an unknown exception!']
2026-06-15 13:39:15,991 - V3DDroneControl - WARNING - Component errors: ['[visualization] Caught an unknown exception!']
2026-06-15 13:39:16,160 - V3DDroneControl - WARNING - Component errors: ['[visualization] Caught an unknown exception!']
2026-06-15 13:39:16,369 - V3DDroneControl - WARNING - Component errors: ['[visualization] Caught an unknown exception!']
2026-06-15 13:39:16,556 - V3DDroneControl - WARNING - Component errors: ['[visualization] Caught an unknown exception!']
2026-06-15 13:39:16,677 - V3DDroneControl - WARNING - Component errors: ['[visualization] Caught an unknown exception!']
2026-06-15 13:39:16,869 - V3DDroneControl - WARNING - Component errors: ['[visualization] Caught an unknown exception!']
2026-06-15 13:39:17,035 - V3DDroneControl - WARNING - Component errors: ['[visualization] Caught an unknown exception!']
2026-06-15 13:39:17,232 - V3DDroneControl - WARNING - Component errors: ['[visualization] Caught an unknown exception!']
2026-06-15 13:39:17,370 - V3DDroneControl - WARNING - Component errors: ['[visualization] Caught an unknown exception!']
2026-06-15 13:39:17,509 - V3DDroneControl - WARNING - Component errors: ['[visualization] Caught an unknown exception!']
2026-06-15 13:39:17,641 - V3DDroneControl - WARNING - Component errors: ['[visualization] Caught an unknown exception!']
2026-06-15 13:39:17,823 - V3DDroneControl - WARNING - Component errors: ['[visualization] Caught an unknown exception!']
2026-06-15 13:39:17,956 - V3DDroneControl - WARNING - Component errors: ['[visualization] Caught an unknown exception!']
2026-06-15 13:39:18,120 - V3DDroneControl - WARNING - Component errors: ['[visualization] Caught an unknown exception!']
2026-06-15 13:39:18,246 - V3DDroneControl - WARNING - Component errors: ['[visualization] Caught an unknown exception!']
2026-06-15 13:39:18,397 - V3DDroneControl - WARNING - Component errors: ['[visualization] Caught an unknown exception!']
2026-06-15 13:39:18,578 - V3DDroneControl - WARNING - Component errors: ['[visualization] Caught an unknown exception!']
2026-06-15 13:39:18,767 - V3DDroneControl - WARNING - Component errors: ['[visualization] Caught an unknown exception!']
2026-06-15 13:39:18,925 - V3DDroneControl - WARNING - Component errors: ['[visualization] Caught an unknown exception!']
2026-06-15 13:39:19,057 - V3DDroneControl - WARNING - Component errors: ['[visualization] Caught an unknown exception!']
2026-06-15 13:39:19,204 - V3DDroneControl - WARNING - Component errors: ['[visualization] Caught an unknown exception!']
2026-06-15 13:39:19,362 - V3DDroneControl - WARNING - Component errors: ['[visualization] Caught an unknown exception!']
2026-06-15 13:39:19,510 - V3DDroneControl - WARNING - Component errors: ['[visualization] Caught an unknown exception!']
2026-06-15 13:39:19,640 - V3DDroneControl - WARNING - Component errors: ['[visualization] Caught an unknown exception!']
2026-06-15 13:39:19,773 - V3DDroneControl - WARNING - Component errors: ['[visualization] Caught an unknown exception!']
2026-06-15 13:39:19,918 - V3DDroneControl - WARNING - Component errors: ['[visualization] Caught an unknown exception!']
2026-06-15 13:39:20,025 - V3DDroneControl - WARNING - Component errors: ['[visualization] Caught an unknown exception!']
2026-06-15 13:39:20,169 - V3DDroneControl - WARNING - Component errors: ['[visualization] Caught an unknown exception!']
2026-06-15 13:39:20,293 - V3DDroneControl - WARNING - Component errors: ['[visualization] Caught an unknown exception!']
2026-06-15 13:39:20,469 - V3DDroneControl - WARNING - Component errors: ['[visualization] Caught an unknown exception!']
2026-06-15 13:39:20,689 - V3DDroneControl - WARNING - Component errors: ['[visualization] Caught an unknown exception!']
2026-06-15 13:39:20,841 - V3DDroneControl - WARNING - Component errors: ['[visualization] Caught an unknown exception!']
2026-06-15 13:39:20,980 - V3DDroneControl - WARNING - Component errors: ['[visualization] Caught an unknown exception!']
2026-06-15 13:39:21,176 - V3DDroneControl - WARNING - Component errors: ['[visualization] Caught an unknown exception!']
2026-06-15 13:39:21,307 - V3DDroneControl - WARNING - Component errors: ['[visualization] Caught an unknown exception!']
2026-06-15 13:39:21,439 - V3DDroneControl - WARNING - Component errors: ['[visualization] Caught an unknown exception!']
2026-06-15 13:39:21,613 - V3DDroneControl - WARNING - Component errors: ['[visualization] Caught an unknown exception!']
2026-06-15 13:39:21,740 - V3DDroneControl - WARNING - Component errors: ['[visualization] Caught an unknown exception!']
2026-06-15 13:39:21,938 - V3DDroneControl - WARNING - Component errors: ['[visualization] Caught an unknown exception!']
2026-06-15 13:39:22,120 - V3DDroneControl - WARNING - Component errors: ['[visualization] Caught an unknown exception!']
2026-06-15 13:39:22,256 - V3DDroneControl - WARNING - Component errors: ['[visualization] Caught an unknown exception!']
2026-06-15 13:39:22,412 - V3DDroneControl - WARNING - Component errors: ['[visualization] Caught an unknown exception!']
2026-06-15 13:39:22,609 - V3DDroneControl - WARNING - Component errors: ['[visualization] Caught an unknown exception!']
2026-06-15 13:39:22,712 - V3DDroneControl - WARNING - Component errors: ['[visualization] Caught an unknown exception!']
2026-06-15 13:39:22,826 - V3DDroneControl - WARNING - Component errors: ['[visualization] Caught an unknown exception!']
2026-06-15 13:39:23,048 - V3DDroneControl - WARNING - Component errors: ['[visualization] Caught an unknown exception!']
2026-06-15 13:39:23,198 - V3DDroneControl - WARNING - Component errors: ['[visualization] Caught an unknown exception!']
2026-06-15 13:39:23,340 - V3DDroneControl - WARNING - Component errors: ['[visualization] Caught an unknown exception!']
2026-06-15 13:39:23,535 - V3DDroneControl - WARNING - Component errors: ['[visualization] Caught an unknown exception!']
2026-06-15 13:39:23,681 - V3DDroneControl - WARNING - Component errors: ['[visualization] Caught an unknown exception!']
2026-06-15 13:39:23,791 - V3DDroneControl - WARNING - Component errors: ['[visualization] Caught an unknown exception!']
2026-06-15 13:39:23,941 - V3DDroneControl - WARNING - Component errors: ['[visualization] Caught an unknown exception!']
2026-06-15 13:39:24,122 - V3DDroneControl - WARNING - Component errors: ['[visualization] Caught an unknown exception!']
2026-06-15 13:39:24,249 - V3DDroneControl - WARNING - Component errors: ['[visualization] Caught an unknown exception!']
2026-06-15 13:39:24,418 - V3DDroneControl - WARNING - Component errors: ['[visualization] Caught an unknown exception!']
2026-06-15 13:39:24,454 - V3DDroneControl - INFO - Gesture changed: ROTATE_RIGHT (confidence=5/8)
2026-06-15 13:39:24,455 - V3DDroneControl - INFO - Drone received gesture: ROTATE_RIGHT (confidence=0.75)
2026-06-15 13:39:24,533 - V3DDroneControl - WARNING - Component errors: ['[visualization] Caught an unknown exception!']
2026-06-15 13:39:24,701 - V3DDroneControl - WARNING - Component errors: ['[visualization] Caught an unknown exception!']
2026-06-15 13:39:24,922 - V3DDroneControl - WARNING - Component errors: ['[visualization] Caught an unknown exception!']
2026-06-15 13:39:25,115 - V3DDroneControl - WARNING - Component errors: ['[visualization] Caught an unknown exception!']
2026-06-15 13:39:25,243 - V3DDroneControl - WARNING - Component errors: ['[visualization] Caught an unknown exception!']
2026-06-15 13:39:25,393 - V3DDroneControl - WARNING - Component errors: ['[visualization] Caught an unknown exception!']
2026-06-15 13:39:25,565 - V3DDroneControl - WARNING - Component errors: ['[visualization] Caught an unknown exception!']
2026-06-15 13:39:25,728 - V3DDroneControl - WARNING - Component errors: ['[visualization] Caught an unknown exception!']
2026-06-15 13:39:25,883 - V3DDroneControl - WARNING - Component errors: ['[visualization] Caught an unknown exception!']
2026-06-15 13:39:26,086 - V3DDroneControl - WARNING - Component errors: ['[visualization] Caught an unknown exception!']
2026-06-15 13:39:26,165 - V3DDroneControl - INFO - Gesture changed: HOVER (confidence=5/8)
2026-06-15 13:39:26,190 - V3DDroneControl - INFO - Drone received gesture: HOVER (confidence=0.40)
2026-06-15 13:39:26,272 - V3DDroneControl - WARNING - Component errors: ['[visualization] Caught an unknown exception!']
2026-06-15 13:39:26,446 - V3DDroneControl - WARNING - Component errors: ['[visualization] Caught an unknown exception!']
2026-06-15 13:39:26,640 - V3DDroneControl - WARNING - Component errors: ['[visualization] Caught an unknown exception!']
2026-06-15 13:39:26,810 - V3DDroneControl - WARNING - Component errors: ['[visualization] Caught an unknown exception!']
2026-06-15 13:39:26,988 - V3DDroneControl - WARNING - Component errors: ['[visualization] Caught an unknown exception!']
2026-06-15 13:39:27,193 - V3DDroneControl - WARNING - Component errors: ['[visualization] Caught an unknown exception!']
2026-06-15 13:39:27,340 - V3DDroneControl - WARNING - Component errors: ['[visualization] Caught an unknown exception!']
2026-06-15 13:39:27,481 - V3DDroneControl - WARNING - Component errors: ['[visualization] Caught an unknown exception!']
2026-06-15 13:39:27,613 - V3DDroneControl - WARNING - Component errors: ['[visualization] Caught an unknown exception!']
2026-06-15 13:39:27,789 - V3DDroneControl - WARNING - Component errors: ['[visualization] Caught an unknown exception!']
2026-06-15 13:39:27,950 - V3DDroneControl - WARNING - Component errors: ['[visualization] Caught an unknown exception!']
2026-06-15 13:39:28,094 - V3DDroneControl - WARNING - Component errors: ['[visualization] Caught an unknown exception!']
2026-06-15 13:39:28,387 - V3DDroneControl - WARNING - Component errors: ['[visualization] Caught an unknown exception!']
2026-06-15 13:39:28,503 - V3DDroneControl - WARNING - Component errors: ['[visualization] Caught an unknown exception!']
2026-06-15 13:39:28,652 - V3DDroneControl - WARNING - Component errors: ['[visualization] Caught an unknown exception!']
2026-06-15 13:39:28,841 - V3DDroneControl - WARNING - Component errors: ['[visualization] Caught an unknown exception!']
2026-06-15 13:39:29,018 - V3DDroneControl - WARNING - Component errors: ['[visualization] Caught an unknown exception!']
2026-06-15 13:39:29,118 - V3DDroneControl - WARNING - Component errors: ['[visualization] Caught an unknown exception!']
2026-06-15 13:39:29,326 - V3DDroneControl - WARNING - Component errors: ['[visualization] Caught an unknown exception!']
2026-06-15 13:39:29,522 - V3DDroneControl - WARNING - Component errors: ['[visualization] Caught an unknown exception!']
2026-06-15 13:39:29,647 - V3DDroneControl - WARNING - Component errors: ['[visualization] Caught an unknown exception!']
2026-06-15 13:39:29,820 - V3DDroneControl - WARNING - Component errors: ['[visualization] Caught an unknown exception!']
2026-06-15 13:39:29,969 - V3DDroneControl - WARNING - Component errors: ['[visualization] Caught an unknown exception!']
2026-06-15 13:39:30,066 - V3DDroneControl - WARNING - Component errors: ['[visualization] Caught an unknown exception!']
2026-06-15 13:39:30,218 - V3DDroneControl - WARNING - Component errors: ['[visualization] Caught an unknown exception!']
2026-06-15 13:39:30,418 - V3DDroneControl - WARNING - Component errors: ['[visualization] Caught an unknown exception!']
2026-06-15 13:39:30,615 - V3DDroneControl - WARNING - Component errors: ['[visualization] Caught an unknown exception!']
2026-06-15 13:39:30,772 - V3DDroneControl - WARNING - Component errors: ['[visualization] Caught an unknown exception!']
2026-06-15 13:39:30,954 - V3DDroneControl - WARNING - Component errors: ['[visualization] Caught an unknown exception!']
2026-06-15 13:39:31,116 - V3DDroneControl - WARNING - Component errors: ['[visualization] Caught an unknown exception!']
2026-06-15 13:39:31,261 - V3DDroneControl - WARNING - Component errors: ['[visualization] Caught an unknown exception!']
2026-06-15 13:39:31,404 - V3DDroneControl - WARNING - Component errors: ['[visualization] Caught an unknown exception!']
2026-06-15 13:39:31,545 - V3DDroneControl - WARNING - Component errors: ['[visualization] Caught an unknown exception!']
2026-06-15 13:39:31,701 - V3DDroneControl - WARNING - Component errors: ['[visualization] Caught an unknown exception!']
2026-06-15 13:39:31,896 - V3DDroneControl - WARNING - Component errors: ['[visualization] Caught an unknown exception!']
2026-06-15 13:39:32,039 - V3DDroneControl - WARNING - Component errors: ['[visualization] Caught an unknown exception!']
2026-06-15 13:39:32,124 - V3DDroneControl - WARNING - Component errors: ['[visualization] Caught an unknown exception!']
2026-06-15 13:39:32,256 - V3DDroneControl - WARNING - Component errors: ['[visualization] Caught an unknown exception!']
2026-06-15 13:39:32,385 - V3DDroneControl - WARNING - Component errors: ['[visualization] Caught an unknown exception!']
2026-06-15 13:39:32,515 - V3DDroneControl - WARNING - Component errors: ['[visualization] Caught an unknown exception!']
2026-06-15 13:39:32,666 - V3DDroneControl - WARNING - Component errors: ['[visualization] Caught an unknown exception!']
2026-06-15 13:39:32,862 - V3DDroneControl - WARNING - Component errors: ['[visualization] Caught an unknown exception!']
2026-06-15 13:39:33,064 - V3DDroneControl - WARNING - Component errors: ['[visualization] Caught an unknown exception!']
2026-06-15 13:39:33,200 - V3DDroneControl - WARNING - Component errors: ['[visualization] Caught an unknown exception!']
2026-06-15 13:39:33,356 - V3DDroneControl - WARNING - Component errors: ['[visualization] Caught an unknown exception!']
2026-06-15 13:39:33,538 - V3DDroneControl - WARNING - Component errors: ['[visualization] Caught an unknown exception!']
2026-06-15 13:39:33,687 - V3DDroneControl - WARNING - Component errors: ['[visualization] Caught an unknown exception!']
2026-06-15 13:39:33,806 - V3DDroneControl - WARNING - Component errors: ['[visualization] Caught an unknown exception!']
2026-06-15 13:39:34,025 - V3DDroneControl - WARNING - Component errors: ['[visualization] Caught an unknown exception!']
2026-06-15 13:39:34,196 - V3DDroneControl - WARNING - Component errors: ['[visualization] Caught an unknown exception!']
2026-06-15 13:39:34,333 - V3DDroneControl - WARNING - Component errors: ['[visualization] Caught an unknown exception!']
2026-06-15 13:39:34,528 - V3DDroneControl - WARNING - Component errors: ['[visualization] Caught an unknown exception!']
2026-06-15 13:39:34,727 - V3DDroneControl - WARNING - Component errors: ['[visualization] Caught an unknown exception!']
2026-06-15 13:39:34,890 - V3DDroneControl - INFO - Drone received gesture: NONE (confidence=0.00)
2026-06-15 13:39:34,908 - V3DDroneControl - WARNING - Component errors: ['[visualization] Caught an unknown exception!']
2026-06-15 13:39:35,017 - V3DDroneControl - WARNING - Component errors: ['[visualization] Caught an unknown exception!']
2026-06-15 13:39:35,147 - V3DDroneControl - WARNING - Component errors: ['[visualization] Caught an unknown exception!']
2026-06-15 13:39:35,211 - V3DDroneControl - INFO - Drone received gesture: HOVER (confidence=0.40)
2026-06-15 13:39:35,301 - V3DDroneControl - WARNING - Component errors: ['[visualization] Caught an unknown exception!']
2026-06-15 13:39:35,433 - V3DDroneControl - WARNING - Component errors: ['[visualization] Caught an unknown exception!']
2026-06-15 13:39:35,639 - V3DDroneControl - WARNING - Component errors: ['[visualization] Caught an unknown exception!']
2026-06-15 13:39:35,777 - V3DDroneControl - WARNING - Component errors: ['[visualization] Caught an unknown exception!']
2026-06-15 13:39:35,925 - V3DDroneControl - WARNING - Component errors: ['[visualization] Caught an unknown exception!']
2026-06-15 13:39:36,109 - V3DDroneControl - WARNING - Component errors: ['[visualization] Caught an unknown exception!']
2026-06-15 13:39:36,289 - V3DDroneControl - WARNING - Component errors: ['[visualization] Caught an unknown exception!']
2026-06-15 13:39:36,474 - V3DDroneControl - WARNING - Component errors: ['[visualization] Caught an unknown exception!']
2026-06-15 13:39:36,624 - V3DDroneControl - WARNING - Component errors: ['[visualization] Caught an unknown exception!']
2026-06-15 13:39:36,769 - V3DDroneControl - WARNING - Component errors: ['[visualization] Caught an unknown exception!']
2026-06-15 13:39:36,952 - V3DDroneControl - WARNING - Component errors: ['[visualization] Caught an unknown exception!']
2026-06-15 13:39:37,120 - V3DDroneControl - WARNING - Component errors: ['[visualization] Caught an unknown exception!']
2026-06-15 13:39:37,238 - V3DDroneControl - WARNING - Component errors: ['[visualization] Caught an unknown exception!']
2026-06-15 13:39:37,402 - V3DDroneControl - WARNING - Component errors: ['[visualization] Caught an unknown exception!']
2026-06-15 13:39:37,564 - V3DDroneControl - WARNING - Component errors: ['[visualization] Caught an unknown exception!']
2026-06-15 13:39:37,740 - V3DDroneControl - WARNING - Component errors: ['[visualization] Caught an unknown exception!']
2026-06-15 13:39:37,891 - V3DDroneControl - WARNING - Component errors: ['[visualization] Caught an unknown exception!']
2026-06-15 13:39:37,985 - V3DDroneControl - WARNING - Component errors: ['[visualization] Caught an unknown exception!']
2026-06-15 13:39:38,120 - V3DDroneControl - WARNING - Component errors: ['[visualization] Caught an unknown exception!']
2026-06-15 13:39:38,272 - V3DDroneControl - WARNING - Component errors: ['[visualization] Caught an unknown exception!']
2026-06-15 13:39:38,426 - V3DDroneControl - WARNING - Component errors: ['[visualization] Caught an unknown exception!']
2026-06-15 13:39:38,614 - V3DDroneControl - WARNING - Component errors: ['[visualization] Caught an unknown exception!']
2026-06-15 13:39:38,778 - V3DDroneControl - WARNING - Component errors: ['[visualization] Caught an unknown exception!']
2026-06-15 13:39:38,960 - V3DDroneControl - WARNING - Component errors: ['[visualization] Caught an unknown exception!']
2026-06-15 13:39:39,108 - V3DDroneControl - WARNING - Component errors: ['[visualization] Caught an unknown exception!']
2026-06-15 13:39:39,278 - V3DDroneControl - WARNING - Component errors: ['[visualization] Caught an unknown exception!']
2026-06-15 13:39:39,407 - V3DDroneControl - WARNING - Component errors: ['[visualization] Caught an unknown exception!']
2026-06-15 13:39:39,571 - V3DDroneControl - WARNING - Component errors: ['[visualization] Caught an unknown exception!']
2026-06-15 13:39:39,725 - V3DDroneControl - WARNING - Component errors: ['[visualization] Caught an unknown exception!']
2026-06-15 13:39:39,905 - V3DDroneControl - WARNING - Component errors: ['[visualization] Caught an unknown exception!']
2026-06-15 13:39:40,078 - V3DDroneControl - WARNING - Component errors: ['[visualization] Caught an unknown exception!']
2026-06-15 13:39:40,224 - V3DDroneControl - WARNING - Component errors: ['[visualization] Caught an unknown exception!']
2026-06-15 13:39:40,391 - V3DDroneControl - WARNING - Component errors: ['[visualization] Caught an unknown exception!']
2026-06-15 13:39:40,558 - V3DDroneControl - WARNING - Component errors: ['[visualization] Caught an unknown exception!']
2026-06-15 13:39:40,734 - V3DDroneControl - WARNING - Component errors: ['[visualization] Caught an unknown exception!']
2026-06-15 13:39:40,911 - V3DDroneControl - WARNING - Component errors: ['[visualization] Caught an unknown exception!']
2026-06-15 13:39:41,037 - V3DDroneControl - WARNING - Component errors: ['[visualization] Caught an unknown exception!']
2026-06-15 13:39:41,194 - V3DDroneControl - WARNING - Component errors: ['[visualization] Caught an unknown exception!']
2026-06-15 13:39:41,347 - V3DDroneControl - WARNING - Component errors: ['[visualization] Caught an unknown exception!']
2026-06-15 13:39:41,460 - V3DDroneControl - WARNING - Component errors: ['[visualization] Caught an unknown exception!']
2026-06-15 13:39:41,613 - V3DDroneControl - WARNING - Component errors: ['[visualization] Caught an unknown exception!']
2026-06-15 13:39:41,745 - V3DDroneControl - WARNING - Component errors: ['[visualization] Caught an unknown exception!']
2026-06-15 13:39:41,945 - V3DDroneControl - WARNING - Component errors: ['[visualization] Caught an unknown exception!']
2026-06-15 13:39:42,125 - V3DDroneControl - WARNING - Component errors: ['[visualization] Caught an unknown exception!']
2026-06-15 13:39:42,327 - V3DDroneControl - WARNING - Component errors: ['[visualization] Caught an unknown exception!']
2026-06-15 13:39:42,490 - V3DDroneControl - WARNING - Component errors: ['[visualization] Caught an unknown exception!']
2026-06-15 13:39:42,641 - V3DDroneControl - WARNING - Component errors: ['[visualization] Caught an unknown exception!']
2026-06-15 13:39:42,806 - V3DDroneControl - WARNING - Component errors: ['[visualization] Caught an unknown exception!']
2026-06-15 13:39:42,962 - V3DDroneControl - WARNING - Component errors: ['[visualization] Caught an unknown exception!']
2026-06-15 13:39:43,162 - V3DDroneControl - WARNING - Component errors: ['[visualization] Caught an unknown exception!']
2026-06-15 13:39:43,260 - V3DDroneControl - WARNING - Component errors: ['[visualization] Caught an unknown exception!']
2026-06-15 13:39:43,400 - V3DDroneControl - WARNING - Component errors: ['[visualization] Caught an unknown exception!']
2026-06-15 13:39:43,640 - V3DDroneControl - WARNING - Component errors: ['[visualization] Caught an unknown exception!']
2026-06-15 13:39:43,867 - V3DDroneControl - WARNING - Component errors: ['[visualization] Caught an unknown exception!']
2026-06-15 13:39:44,022 - V3DDroneControl - WARNING - Component errors: ['[visualization] Caught an unknown exception!']
2026-06-15 13:39:44,239 - V3DDroneControl - WARNING - Component errors: ['[visualization] Caught an unknown exception!']
2026-06-15 13:39:44,384 - V3DDroneControl - WARNING - Component errors: ['[visualization] Caught an unknown exception!']
2026-06-15 13:39:44,520 - V3DDroneControl - WARNING - Component errors: ['[visualization] Caught an unknown exception!']
2026-06-15 13:39:44,733 - V3DDroneControl - WARNING - Component errors: ['[visualization] Caught an unknown exception!']
2026-06-15 13:39:44,921 - V3DDroneControl - WARNING - Component errors: ['[visualization] Caught an unknown exception!']
2026-06-15 13:39:45,093 - V3DDroneControl - WARNING - Component errors: ['[visualization] Caught an unknown exception!']
2026-06-15 13:39:45,311 - V3DDroneControl - WARNING - Component errors: ['[visualization] Caught an unknown exception!']
2026-06-15 13:39:45,449 - V3DDroneControl - WARNING - Component errors: ['[visualization] Caught an unknown exception!']
2026-06-15 13:39:45,594 - V3DDroneControl - WARNING - Component errors: ['[visualization] Caught an unknown exception!']
2026-06-15 13:39:45,708 - V3DDroneControl - WARNING - Component errors: ['[visualization] Caught an unknown exception!']
2026-06-15 13:39:45,857 - V3DDroneControl - WARNING - Component errors: ['[visualization] Caught an unknown exception!']
2026-06-15 13:39:46,035 - V3DDroneControl - WARNING - Component errors: ['[visualization] Caught an unknown exception!']
2026-06-15 13:39:46,208 - V3DDroneControl - WARNING - Component errors: ['[visualization] Caught an unknown exception!']
2026-06-15 13:39:46,325 - V3DDroneControl - WARNING - Component errors: ['[visualization] Caught an unknown exception!']
2026-06-15 13:39:46,491 - V3DDroneControl - WARNING - Component errors: ['[visualization] Caught an unknown exception!']
2026-06-15 13:39:46,664 - V3DDroneControl - WARNING - Component errors: ['[visualization] Caught an unknown exception!']
2026-06-15 13:39:46,853 - V3DDroneControl - WARNING - Component errors: ['[visualization] Caught an unknown exception!']
2026-06-15 13:39:47,010 - V3DDroneControl - WARNING - Component errors: ['[visualization] Caught an unknown exception!']
2026-06-15 13:39:47,195 - V3DDroneControl - WARNING - Component errors: ['[visualization] Caught an unknown exception!']
2026-06-15 13:39:47,338 - V3DDroneControl - WARNING - Component errors: ['[visualization] Caught an unknown exception!']
2026-06-15 13:39:47,463 - V3DDroneControl - WARNING - Component errors: ['[visualization] Caught an unknown exception!']
2026-06-15 13:39:47,583 - V3DDroneControl - WARNING - Component errors: ['[visualization] Caught an unknown exception!']
2026-06-15 13:39:47,736 - V3DDroneControl - WARNING - Component errors: ['[visualization] Caught an unknown exception!']
2026-06-15 13:39:47,891 - V3DDroneControl - WARNING - Component errors: ['[visualization] Caught an unknown exception!']
2026-06-15 13:39:48,126 - V3DDroneControl - WARNING - Component errors: ['[visualization] Caught an unknown exception!']
2026-06-15 13:39:48,324 - V3DDroneControl - WARNING - Component errors: ['[visualization] Caught an unknown exception!']
2026-06-15 13:39:48,460 - V3DDroneControl - WARNING - Component errors: ['[visualization] Caught an unknown exception!']
2026-06-15 13:39:48,658 - V3DDroneControl - WARNING - Component errors: ['[visualization] Caught an unknown exception!']
2026-06-15 13:39:48,830 - V3DDroneControl - WARNING - Component errors: ['[visualization] Caught an unknown exception!']
2026-06-15 13:39:48,969 - V3DDroneControl - WARNING - Component errors: ['[visualization] Caught an unknown exception!']
2026-06-15 13:39:49,165 - V3DDroneControl - WARNING - Component errors: ['[visualization] Caught an unknown exception!']
2026-06-15 13:39:49,359 - V3DDroneControl - WARNING - Component errors: ['[visualization] Caught an unknown exception!']
2026-06-15 13:39:49,506 - V3DDroneControl - WARNING - Component errors: ['[visualization] Caught an unknown exception!']
2026-06-15 13:39:49,626 - V3DDroneControl - WARNING - Component errors: ['[visualization] Caught an unknown exception!']
2026-06-15 13:39:49,798 - V3DDroneControl - WARNING - Component errors: ['[visualization] Caught an unknown exception!']
2026-06-15 13:39:49,977 - V3DDroneControl - WARNING - Component errors: ['[visualization] Caught an unknown exception!']
2026-06-15 13:39:50,142 - V3DDroneControl - WARNING - Component errors: ['[visualization] Caught an unknown exception!']
2026-06-15 13:39:50,285 - V3DDroneControl - WARNING - Component errors: ['[visualization] Caught an unknown exception!']
2026-06-15 13:39:50,443 - V3DDroneControl - WARNING - Component errors: ['[visualization] Caught an unknown exception!']
2026-06-15 13:39:50,622 - V3DDroneControl - WARNING - Component errors: ['[visualization] Caught an unknown exception!']
2026-06-15 13:39:50,793 - V3DDroneControl - WARNING - Component errors: ['[visualization] Caught an unknown exception!']
2026-06-15 13:39:50,900 - V3DDroneControl - WARNING - Component errors: ['[visualization] Caught an unknown exception!']
2026-06-15 13:39:51,055 - V3DDroneControl - WARNING - Component errors: ['[visualization] Caught an unknown exception!']
2026-06-15 13:39:51,243 - V3DDroneControl - WARNING - Component errors: ['[visualization] Caught an unknown exception!']
2026-06-15 13:39:51,414 - V3DDroneControl - WARNING - Component errors: ['[visualization] Caught an unknown exception!']
2026-06-15 13:39:51,568 - V3DDroneControl - WARNING - Component errors: ['[visualization] Caught an unknown exception!']
2026-06-15 13:39:51,729 - V3DDroneControl - WARNING - Component errors: ['[visualization] Caught an unknown exception!']
2026-06-15 13:39:51,887 - V3DDroneControl - WARNING - Component errors: ['[visualization] Caught an unknown exception!']
2026-06-15 13:39:52,009 - V3DDroneControl - WARNING - Component errors: ['[visualization] Caught an unknown exception!']
2026-06-15 13:39:52,195 - V3DDroneControl - WARNING - Component errors: ['[visualization] Caught an unknown exception!']
2026-06-15 13:39:52,402 - V3DDroneControl - WARNING - Component errors: ['[visualization] Caught an unknown exception!']
2026-06-15 13:39:52,531 - V3DDroneControl - WARNING - Component errors: ['[visualization] Caught an unknown exception!']
2026-06-15 13:39:52,671 - V3DDroneControl - WARNING - Component errors: ['[visualization] Caught an unknown exception!']
2026-06-15 13:39:52,794 - V3DDroneControl - WARNING - Component errors: ['[visualization] Caught an unknown exception!']
2026-06-15 13:39:52,994 - V3DDroneControl - WARNING - Component errors: ['[visualization] Caught an unknown exception!']
2026-06-15 13:39:53,187 - V3DDroneControl - WARNING - Component errors: ['[visualization] Caught an unknown exception!']
2026-06-15 13:39:53,339 - V3DDroneControl - WARNING - Component errors: ['[visualization] Caught an unknown exception!']
2026-06-15 13:39:53,497 - V3DDroneControl - WARNING - Component errors: ['[visualization] Caught an unknown exception!']
2026-06-15 13:39:53,653 - V3DDroneControl - WARNING - Component errors: ['[visualization] Caught an unknown exception!']
2026-06-15 13:39:53,785 - V3DDroneControl - WARNING - Component errors: ['[visualization] Caught an unknown exception!']
2026-06-15 13:39:53,966 - V3DDroneControl - WARNING - Component errors: ['[visualization] Caught an unknown exception!']
2026-06-15 13:39:54,108 - V3DDroneControl - WARNING - Component errors: ['[visualization] Caught an unknown exception!']
2026-06-15 13:39:54,297 - V3DDroneControl - WARNING - Component errors: ['[visualization] Caught an unknown exception!']
2026-06-15 13:39:54,428 - V3DDroneControl - WARNING - Component errors: ['[visualization] Caught an unknown exception!']
2026-06-15 13:39:54,559 - V3DDroneControl - WARNING - Component errors: ['[visualization] Caught an unknown exception!']
2026-06-15 13:39:54,666 - V3DDroneControl - WARNING - Component errors: ['[visualization] Caught an unknown exception!']
2026-06-15 13:39:54,820 - V3DDroneControl - WARNING - Component errors: ['[visualization] Caught an unknown exception!']
2026-06-15 13:39:54,997 - V3DDroneControl - WARNING - Component errors: ['[visualization] Caught an unknown exception!']
2026-06-15 13:39:55,183 - V3DDroneControl - WARNING - Component errors: ['[visualization] Caught an unknown exception!']
2026-06-15 13:39:55,382 - V3DDroneControl - WARNING - Component errors: ['[visualization] Caught an unknown exception!']
2026-06-15 13:39:55,539 - V3DDroneControl - WARNING - Component errors: ['[visualization] Caught an unknown exception!']
2026-06-15 13:39:55,698 - V3DDroneControl - WARNING - Component errors: ['[visualization] Caught an unknown exception!']
2026-06-15 13:39:55,882 - V3DDroneControl - WARNING - Component errors: ['[visualization] Caught an unknown exception!']
2026-06-15 13:39:56,042 - V3DDroneControl - WARNING - Component errors: ['[visualization] Caught an unknown exception!']
2026-06-15 13:39:56,221 - V3DDroneControl - WARNING - Component errors: ['[visualization] Caught an unknown exception!']
2026-06-15 13:39:56,421 - V3DDroneControl - WARNING - Component errors: ['[visualization] Caught an unknown exception!']
2026-06-15 13:39:56,546 - V3DDroneControl - WARNING - Component errors: ['[visualization] Caught an unknown exception!']
2026-06-15 13:39:56,666 - V3DDroneControl - WARNING - Component errors: ['[visualization] Caught an unknown exception!']
2026-06-15 13:39:56,837 - V3DDroneControl - WARNING - Component errors: ['[visualization] Caught an unknown exception!']
2026-06-15 13:39:56,990 - V3DDroneControl - WARNING - Component errors: ['[visualization] Caught an unknown exception!']
2026-06-15 13:39:57,203 - V3DDroneControl - WARNING - Component errors: ['[visualization] Caught an unknown exception!']
2026-06-15 13:39:57,353 - V3DDroneControl - WARNING - Component errors: ['[visualization] Caught an unknown exception!']
2026-06-15 13:39:57,500 - V3DDroneControl - WARNING - Component errors: ['[visualization] Caught an unknown exception!']
2026-06-15 13:39:57,643 - V3DDroneControl - WARNING - Component errors: ['[visualization] Caught an unknown exception!']
2026-06-15 13:39:57,775 - V3DDroneControl - WARNING - Component errors: ['[visualization] Caught an unknown exception!']
2026-06-15 13:39:57,980 - V3DDroneControl - WARNING - Component errors: ['[visualization] Caught an unknown exception!']
2026-06-15 13:39:58,170 - V3DDroneControl - WARNING - Component errors: ['[visualization] Caught an unknown exception!']
2026-06-15 13:39:58,386 - V3DDroneControl - WARNING - Component errors: ['[visualization] Caught an unknown exception!']
2026-06-15 13:39:58,569 - V3DDroneControl - WARNING - Component errors: ['[visualization] Caught an unknown exception!']
2026-06-15 13:39:58,711 - V3DDroneControl - WARNING - Component errors: ['[visualization] Caught an unknown exception!']
2026-06-15 13:39:58,889 - V3DDroneControl - WARNING - Component errors: ['[visualization] Caught an unknown exception!']
2026-06-15 13:39:59,045 - V3DDroneControl - WARNING - Component errors: ['[visualization] Caught an unknown exception!']
2026-06-15 13:39:59,216 - V3DDroneControl - WARNING - Component errors: ['[visualization] Caught an unknown exception!']
2026-06-15 13:39:59,395 - V3DDroneControl - WARNING - Component errors: ['[visualization] Caught an unknown exception!']
2026-06-15 13:39:59,538 - V3DDroneControl - WARNING - Component errors: ['[visualization] Caught an unknown exception!']
2026-06-15 13:39:59,702 - V3DDroneControl - WARNING - Component errors: ['[visualization] Caught an unknown exception!']
2026-06-15 13:39:59,841 - V3DDroneControl - WARNING - Component errors: ['[visualization] Caught an unknown exception!']
2026-06-15 13:40:00,004 - V3DDroneControl - WARNING - Component errors: ['[visualization] Caught an unknown exception!']
2026-06-15 13:40:00,193 - V3DDroneControl - WARNING - Component errors: ['[visualization] Caught an unknown exception!']
2026-06-15 13:40:00,347 - V3DDroneControl - WARNING - Component errors: ['[visualization] Caught an unknown exception!']
2026-06-15 13:40:00,537 - V3DDroneControl - WARNING - Component errors: ['[visualization] Caught an unknown exception!']
2026-06-15 13:40:00,695 - V3DDroneControl - WARNING - Component errors: ['[visualization] Caught an unknown exception!']
2026-06-15 13:40:00,880 - V3DDroneControl - WARNING - Component errors: ['[visualization] Caught an unknown exception!']
2026-06-15 13:40:01,068 - V3DDroneControl - WARNING - Component errors: ['[visualization] Caught an unknown exception!']
2026-06-15 13:40:01,227 - V3DDroneControl - WARNING - Component errors: ['[visualization] Caught an unknown exception!']
2026-06-15 13:40:01,344 - V3DDroneControl - WARNING - Component errors: ['[visualization] Caught an unknown exception!']
2026-06-15 13:40:01,552 - V3DDroneControl - WARNING - Component errors: ['[visualization] Caught an unknown exception!']
2026-06-15 13:40:01,729 - V3DDroneControl - WARNING - Component errors: ['[visualization] Caught an unknown exception!']
2026-06-15 13:40:01,883 - V3DDroneControl - WARNING - Component errors: ['[visualization] Caught an unknown exception!']
2026-06-15 13:40:02,065 - V3DDroneControl - WARNING - Component errors: ['[visualization] Caught an unknown exception!']
2026-06-15 13:40:02,223 - V3DDroneControl - WARNING - Component errors: ['[visualization] Caught an unknown exception!']
2026-06-15 13:40:02,373 - V3DDroneControl - WARNING - Component errors: ['[visualization] Caught an unknown exception!']
2026-06-15 13:40:02,510 - V3DDroneControl - WARNING - Component errors: ['[visualization] Caught an unknown exception!']
2026-06-15 13:40:02,674 - V3DDroneControl - WARNING - Component errors: ['[visualization] Caught an unknown exception!']
2026-06-15 13:40:02,851 - V3DDroneControl - WARNING - Component errors: ['[visualization] Caught an unknown exception!']
2026-06-15 13:40:02,999 - V3DDroneControl - WARNING - Component errors: ['[visualization] Caught an unknown exception!']
2026-06-15 13:40:03,150 - V3DDroneControl - WARNING - Component errors: ['[visualization] Caught an unknown exception!']
2026-06-15 13:40:03,310 - V3DDroneControl - WARNING - Component errors: ['[visualization] Caught an unknown exception!']
2026-06-15 13:40:03,460 - V3DDroneControl - WARNING - Component errors: ['[visualization] Caught an unknown exception!']
2026-06-15 13:40:03,592 - V3DDroneControl - WARNING - Component errors: ['[visualization] Caught an unknown exception!']
2026-06-15 13:40:03,742 - V3DDroneControl - WARNING - Component errors: ['[visualization] Caught an unknown exception!']
2026-06-15 13:40:03,920 - V3DDroneControl - WARNING - Component errors: ['[visualization] Caught an unknown exception!']
2026-06-15 13:40:04,056 - V3DDroneControl - WARNING - Component errors: ['[visualization] Caught an unknown exception!']
2026-06-15 13:40:04,231 - V3DDroneControl - WARNING - Component errors: ['[visualization] Caught an unknown exception!']
2026-06-15 13:40:04,378 - V3DDroneControl - WARNING - Component errors: ['[visualization] Caught an unknown exception!']
2026-06-15 13:40:04,532 - V3DDroneControl - WARNING - Component errors: ['[visualization] Caught an unknown exception!']
2026-06-15 13:40:04,656 - V3DDroneControl - WARNING - Component errors: ['[visualization] Caught an unknown exception!']
2026-06-15 13:40:04,775 - V3DDroneControl - WARNING - Component errors: ['[visualization] Caught an unknown exception!']
2026-06-15 13:40:04,930 - V3DDroneControl - WARNING - Component errors: ['[visualization] Caught an unknown exception!']
2026-06-15 13:40:05,037 - V3DDroneControl - WARNING - Component errors: ['[visualization] Caught an unknown exception!']
2026-06-15 13:40:05,227 - V3DDroneControl - WARNING - Component errors: ['[visualization] Caught an unknown exception!']
2026-06-15 13:40:05,482 - V3DDroneControl - WARNING - Component errors: ['[visualization] Caught an unknown exception!']
2026-06-15 13:40:05,610 - V3DDroneControl - WARNING - Component errors: ['[visualization] Caught an unknown exception!']
2026-06-15 13:40:05,760 - V3DDroneControl - WARNING - Component errors: ['[visualization] Caught an unknown exception!']
2026-06-15 13:40:05,929 - V3DDroneControl - WARNING - Component errors: ['[visualization] Caught an unknown exception!']
2026-06-15 13:40:06,057 - V3DDroneControl - WARNING - Component errors: ['[visualization] Caught an unknown exception!']
2026-06-15 13:40:06,176 - V3DDroneControl - WARNING - Component errors: ['[visualization] Caught an unknown exception!']
2026-06-15 13:40:06,365 - V3DDroneControl - WARNING - Component errors: ['[visualization] Caught an unknown exception!']
2026-06-15 13:40:06,496 - V3DDroneControl - WARNING - Component errors: ['[visualization] Caught an unknown exception!']
2026-06-15 13:40:06,711 - V3DDroneControl - WARNING - Component errors: ['[visualization] Caught an unknown exception!']
2026-06-15 13:40:06,862 - V3DDroneControl - WARNING - Component errors: ['[visualization] Caught an unknown exception!']
2026-06-15 13:40:07,056 - V3DDroneControl - WARNING - Component errors: ['[visualization] Caught an unknown exception!']
2026-06-15 13:40:07,225 - V3DDroneControl - WARNING - Component errors: ['[visualization] Caught an unknown exception!']
2026-06-15 13:40:07,422 - V3DDroneControl - WARNING - Component errors: ['[visualization] Caught an unknown exception!']
2026-06-15 13:40:07,643 - V3DDroneControl - WARNING - Component errors: ['[visualization] Caught an unknown exception!']
2026-06-15 13:40:07,861 - V3DDroneControl - WARNING - Component errors: ['[visualization] Caught an unknown exception!']
2026-06-15 13:40:08,066 - V3DDroneControl - WARNING - Component errors: ['[visualization] Caught an unknown exception!']
2026-06-15 13:40:08,256 - V3DDroneControl - WARNING - Component errors: ['[visualization] Caught an unknown exception!']
2026-06-15 13:40:08,365 - V3DDroneControl - WARNING - Component errors: ['[visualization] Caught an unknown exception!']
2026-06-15 13:40:08,564 - V3DDroneControl - WARNING - Component errors: ['[visualization] Caught an unknown exception!']
2026-06-15 13:40:08,721 - V3DDroneControl - WARNING - Component errors: ['[visualization] Caught an unknown exception!']
2026-06-15 13:40:08,878 - V3DDroneControl - WARNING - Component errors: ['[visualization] Caught an unknown exception!']
2026-06-15 13:40:09,080 - V3DDroneControl - WARNING - Component errors: ['[visualization] Caught an unknown exception!']
2026-06-15 13:40:09,259 - V3DDroneControl - WARNING - Component errors: ['[visualization] Caught an unknown exception!']
2026-06-15 13:40:09,320 - V3DDroneControl - WARNING - Component errors: ['[visualization] Caught an unknown exception!']
2026-06-15 13:40:09,476 - V3DDroneControl - WARNING - Component errors: ['[visualization] Caught an unknown exception!']
2026-06-15 13:40:09,647 - V3DDroneControl - WARNING - Component errors: ['[visualization] Caught an unknown exception!']
2026-06-15 13:40:09,816 - V3DDroneControl - WARNING - Component errors: ['[visualization] Caught an unknown exception!']
2026-06-15 13:40:09,982 - V3DDroneControl - WARNING - Component errors: ['[visualization] Caught an unknown exception!']
2026-06-15 13:40:10,202 - V3DDroneControl - WARNING - Component errors: ['[visualization] Caught an unknown exception!']
2026-06-15 13:40:10,321 - V3DDroneControl - WARNING - Component errors: ['[visualization] Caught an unknown exception!']
2026-06-15 13:40:10,466 - V3DDroneControl - WARNING - Component errors: ['[visualization] Caught an unknown exception!']
2026-06-15 13:40:10,638 - V3DDroneControl - WARNING - Component errors: ['[visualization] Caught an unknown exception!']
2026-06-15 13:40:10,817 - V3DDroneControl - WARNING - Component errors: ['[visualization] Caught an unknown exception!']
2026-06-15 13:40:10,966 - V3DDroneControl - WARNING - Component errors: ['[visualization] Caught an unknown exception!']
2026-06-15 13:40:11,108 - V3DDroneControl - WARNING - Component errors: ['[visualization] Caught an unknown exception!']
2026-06-15 13:40:11,219 - V3DDroneControl - INFO - Received signal 2, shutting down...
2026-06-15 13:40:11,291 - V3DDroneControl - INFO - Shutting down...
2026-06-15 13:40:11,291 - V3DDroneControl - INFO - Initiating shutdown...
2026-06-15 13:40:11,476 - V3DDroneControl - INFO - Camera module stopped
2026-06-15 13:40:11,499 - V3DDroneControl - INFO - Hand tracker released
2026-06-15 13:40:11,519 - V3DDroneControl - INFO - Open3D visualizer closed
2026-06-15 13:40:11,519 - V3DDroneControl - INFO - All threads stopped
2026-06-15 13:40:11,519 - V3DDroneControl - INFO - Application shutdown complete
2026-06-15 17:20:11,103 - V3DDroneControl - INFO - Hand tracker released
2026-06-15 17:20:24,726 - V3DDroneControl - INFO - Hand tracker released
2026-06-15 17:22:08,503 - V3DDroneControl - INFO - Hand tracker released
2026-06-15 17:23:18,084 - V3DDroneControl - INFO - Drone controller initialized
2026-06-15 17:23:18,084 - V3DDroneControl - ERROR - Open3D is not installed. Install with: pip install open3d
2026-06-15 17:23:18,084 - V3DDroneControl - ERROR - Open3D visualizer initialization failed
2026-06-15 17:23:18,084 - V3DDroneControl - CRITICAL - Failed to initialize application components
2026-06-15 17:24:24,628 - V3DDroneControl - INFO - Camera opened: index=0, resolution=640x480
2026-06-15 17:24:28,022 - V3DDroneControl - INFO - Camera module stopped
2026-06-15 17:24:28,168 - V3DDroneControl - INFO - Hand tracker released
2026-06-15 17:37:18,000 - V3DDroneControl - INFO - Drone controller initialized
2026-06-15 17:37:19,049 - V3DDroneControl - INFO - Open3D visualizer initialized
2026-06-15 17:37:19,050 - V3DDroneControl - INFO - All components initialized
2026-06-15 17:37:19,050 - V3DDroneControl - INFO - VirtualDroneApplication initialized
2026-06-15 17:37:19,050 - V3DDroneControl - INFO - === V3D Virtual Drone Control System Starting ===
2026-06-15 17:37:19,050 - V3DDroneControl - INFO - Controls: q/ESC=quit, SPACE=pause, d=debug, r=reset, t=takeoff, l=land, e=emergency, h=help
2026-06-15 17:37:20,584 - V3DDroneControl - INFO - Camera opened: index=0, resolution=640x480
2026-06-15 17:37:20,585 - V3DDroneControl - INFO - Camera acquisition thread started
2026-06-15 17:37:20,585 - V3DDroneControl - INFO - Hand tracking thread started
2026-06-15 17:37:20,585 - V3DDroneControl - INFO - Gesture recognition thread started
2026-06-15 17:37:20,585 - V3DDroneControl - INFO - Drone simulation thread started
2026-06-15 17:37:20,604 - V3DDroneControl - INFO - Visualization thread started
2026-06-15 17:37:20,605 - V3DDroneControl - ERROR - Open3D render error: Caught an unknown exception!
2026-06-15 17:37:20,605 - V3DDroneControl - INFO - Started 5 processing threads
2026-06-15 17:37:20,629 - V3DDroneControl - ERROR - Open3D render error: Caught an unknown exception!
2026-06-15 17:37:20,676 - V3DDroneControl - ERROR - Open3D render error: Caught an unknown exception!
2026-06-15 17:37:20,729 - V3DDroneControl - INFO - Drone received gesture: HOVER (confidence=0.40)
2026-06-15 17:37:20,862 - V3DDroneControl - ERROR - Open3D renderer keeps failing; stopping visualization
2026-06-15 17:37:20,887 - V3DDroneControl - INFO - Visualization window closed
2026-06-15 17:37:20,918 - V3DDroneControl - INFO - Drone received gesture: NONE (confidence=0.40)
2026-06-15 17:37:34,481 - V3DDroneControl - INFO - Received signal 2, shutting down...
2026-06-15 17:37:34,482 - V3DDroneControl - INFO - Shutting down...
2026-06-15 17:37:34,482 - V3DDroneControl - INFO - Initiating shutdown...
2026-06-15 17:37:34,596 - V3DDroneControl - INFO - Camera module stopped
2026-06-15 17:37:34,789 - V3DDroneControl - INFO - Hand tracker released
2026-06-15 17:37:34,810 - V3DDroneControl - INFO - Open3D visualizer closed
2026-06-15 17:37:34,810 - V3DDroneControl - INFO - All threads stopped
2026-06-15 17:37:34,810 - V3DDroneControl - INFO - Application shutdown complete
2026-06-15 17:38:08,980 - V3DDroneControl - INFO - Drone controller initialized
2026-06-15 17:38:09,898 - V3DDroneControl - INFO - Open3D visualizer initialized
2026-06-15 17:38:09,899 - V3DDroneControl - INFO - All components initialized
2026-06-15 17:38:09,899 - V3DDroneControl - INFO - VirtualDroneApplication initialized
2026-06-15 17:38:09,899 - V3DDroneControl - INFO - === V3D Virtual Drone Control System Starting ===
2026-06-15 17:38:09,899 - V3DDroneControl - INFO - Controls: q/ESC=quit, SPACE=pause, d=debug, r=reset, t=takeoff, l=land, e=emergency, h=help
2026-06-15 17:38:11,304 - V3DDroneControl - INFO - Camera opened: index=0, resolution=640x480
2026-06-15 17:38:11,305 - V3DDroneControl - INFO - Camera acquisition thread started
2026-06-15 17:38:11,305 - V3DDroneControl - INFO - Hand tracking thread started
2026-06-15 17:38:11,306 - V3DDroneControl - INFO - Gesture recognition thread started
2026-06-15 17:38:11,306 - V3DDroneControl - INFO - Drone simulation thread started
2026-06-15 17:38:11,325 - V3DDroneControl - INFO - Visualization thread started
2026-06-15 17:38:11,325 - V3DDroneControl - ERROR - Open3D render error: Caught an unknown exception!
2026-06-15 17:38:11,325 - V3DDroneControl - INFO - Started 5 processing threads
2026-06-15 17:38:11,348 - V3DDroneControl - ERROR - Open3D render error: Caught an unknown exception!
2026-06-15 17:38:11,404 - V3DDroneControl - ERROR - Open3D render error: Caught an unknown exception!
2026-06-15 17:38:11,459 - V3DDroneControl - INFO - Drone received gesture: HOVER (confidence=0.40)
2026-06-15 17:38:11,648 - V3DDroneControl - ERROR - Open3D renderer keeps failing; stopping visualization
2026-06-15 17:38:11,667 - V3DDroneControl - INFO - Drone received gesture: NONE (confidence=0.40)
2026-06-15 17:38:11,692 - V3DDroneControl - INFO - Visualization window closed
2026-06-15 17:38:11,765 - V3DDroneControl - INFO - Gesture changed: HOVER (confidence=5/8)
2026-06-15 17:38:11,766 - V3DDroneControl - INFO - Drone received gesture: HOVER (confidence=0.40)
2026-06-15 17:39:03,212 - V3DDroneControl - INFO - Received signal 2, shutting down...
2026-06-15 17:39:03,217 - V3DDroneControl - INFO - Shutting down...
2026-06-15 17:39:03,218 - V3DDroneControl - INFO - Initiating shutdown...
2026-06-15 17:39:03,337 - V3DDroneControl - INFO - Camera module stopped
2026-06-15 17:39:03,569 - V3DDroneControl - INFO - Hand tracker released
2026-06-15 17:39:03,589 - V3DDroneControl - INFO - Open3D visualizer closed
2026-06-15 17:39:03,589 - V3DDroneControl - INFO - All threads stopped
2026-06-15 17:39:03,589 - V3DDroneControl - INFO - Application shutdown complete
2026-06-15 17:45:49,527 - V3DDroneControl - INFO - Camera opened: index=0, resolution=640x480
2026-06-15 17:45:53,908 - V3DDroneControl - INFO - Camera module stopped
2026-06-15 17:45:54,080 - V3DDroneControl - INFO - Hand tracker released
2026-06-15 17:46:55,896 - V3DDroneControl - INFO - Drone controller initialized
2026-06-15 17:46:56,988 - V3DDroneControl - INFO - Open3D visualizer initialized
2026-06-15 17:46:56,988 - V3DDroneControl - INFO - All components initialized
2026-06-15 17:46:56,988 - V3DDroneControl - INFO - VirtualDroneApplication initialized
2026-06-15 17:46:56,988 - V3DDroneControl - INFO - === V3D Virtual Drone Control System Starting ===
2026-06-15 17:46:56,988 - V3DDroneControl - INFO - Controls: q/ESC=quit, SPACE=pause, d=debug, r=reset, t=takeoff, l=land, e=emergency, h=help
2026-06-15 17:46:58,403 - V3DDroneControl - INFO - Camera opened: index=0, resolution=640x480
2026-06-15 17:46:58,404 - V3DDroneControl - INFO - Camera acquisition thread started
2026-06-15 17:46:58,404 - V3DDroneControl - INFO - Hand tracking thread started
2026-06-15 17:46:58,404 - V3DDroneControl - INFO - Gesture recognition thread started
2026-06-15 17:46:58,404 - V3DDroneControl - INFO - Drone simulation thread started
2026-06-15 17:46:58,425 - V3DDroneControl - INFO - Visualization thread started
2026-06-15 17:46:58,425 - V3DDroneControl - ERROR - Open3D render error: Caught an unknown exception!
2026-06-15 17:46:58,425 - V3DDroneControl - INFO - Started 5 processing threads
2026-06-15 17:46:58,444 - V3DDroneControl - ERROR - Open3D render error: Caught an unknown exception!
2026-06-15 17:46:58,482 - V3DDroneControl - ERROR - Open3D render error: Caught an unknown exception!
2026-06-15 17:46:58,711 - V3DDroneControl - ERROR - Open3D renderer keeps failing; stopping visualization
2026-06-15 17:46:58,736 - V3DDroneControl - INFO - Visualization window closed
2026-06-15 17:47:55,943 - V3DDroneControl - INFO - Received signal 2, shutting down...
2026-06-15 17:47:55,961 - V3DDroneControl - INFO - Shutting down...
2026-06-15 17:47:55,961 - V3DDroneControl - INFO - Initiating shutdown...
2026-06-15 17:47:56,105 - V3DDroneControl - INFO - Camera module stopped
2026-06-15 17:47:56,115 - V3DDroneControl - INFO - Hand tracker released
2026-06-15 17:47:56,279 - V3DDroneControl - INFO - Open3D visualizer closed
2026-06-15 17:47:56,279 - V3DDroneControl - INFO - All threads stopped
2026-06-15 17:47:56,280 - V3DDroneControl - INFO - Application shutdown complete
2026-06-15 17:52:18,512 - V3DDroneControl - INFO - Camera opened: index=0, resolution=640x480
2026-06-15 17:52:22,655 - V3DDroneControl - INFO - Camera module stopped
2026-06-15 17:54:11,169 - V3DDroneControl - INFO - Drone controller initialized
2026-06-15 17:54:11,170 - V3DDroneControl - ERROR - Open3D is not installed. Install with: pip install open3d
2026-06-15 17:54:11,170 - V3DDroneControl - ERROR - Open3D visualizer initialization failed; continuing without 3D visualization
2026-06-15 17:54:11,170 - V3DDroneControl - INFO - All components initialized
2026-06-15 17:54:11,170 - V3DDroneControl - INFO - VirtualDroneApplication initialized
2026-06-15 17:54:11,170 - V3DDroneControl - INFO - === V3D Virtual Drone Control System Starting ===
2026-06-15 17:54:11,170 - V3DDroneControl - INFO - Controls: q/ESC=quit, SPACE=pause, d=debug, r=reset, t=takeoff, l=land, e=emergency, h=help
2026-06-15 17:54:12,498 - V3DDroneControl - INFO - Camera opened: index=0, resolution=640x480
2026-06-15 17:54:12,499 - V3DDroneControl - INFO - Camera acquisition thread started
2026-06-15 17:54:12,499 - V3DDroneControl - INFO - Hand tracking thread started
2026-06-15 17:54:12,499 - V3DDroneControl - INFO - Gesture recognition thread started
2026-06-15 17:54:12,500 - V3DDroneControl - INFO - Drone simulation thread started
2026-06-15 17:54:12,500 - V3DDroneControl - WARNING - Visualization thread skipped - Open3D not available
2026-06-15 17:54:12,500 - V3DDroneControl - INFO - Started 4 processing threads
2026-06-15 17:54:13,545 - V3DDroneControl - INFO - Camera capture FPS: 14.3
2026-06-15 17:54:16,651 - V3DDroneControl - INFO - Display FPS: 9.5
2026-06-15 17:54:18,673 - V3DDroneControl - INFO - Camera capture FPS: 14.7
2026-06-15 17:54:21,805 - V3DDroneControl - INFO - Display FPS: 8.8
2026-06-15 17:54:23,889 - V3DDroneControl - INFO - Camera capture FPS: 14.3
2026-06-15 17:54:25,304 - V3DDroneControl - INFO - Received signal 15, shutting down...
2026-06-15 17:54:25,317 - V3DDroneControl - INFO - Shutting down...
2026-06-15 17:54:25,342 - V3DDroneControl - INFO - Initiating shutdown...
2026-06-15 17:54:25,438 - V3DDroneControl - INFO - Camera module stopped
2026-06-15 17:54:25,583 - V3DDroneControl - INFO - Hand tracker released
2026-06-15 17:54:25,583 - V3DDroneControl - INFO - All threads stopped
2026-06-15 17:54:25,583 - V3DDroneControl - INFO - Application shutdown complete
2026-06-15 17:56:55,205 - V3DDroneControl - INFO - Drone controller initialized
2026-06-15 17:56:55,205 - V3DDroneControl - ERROR - Open3D is not installed. Install with: pip install open3d
2026-06-15 17:56:55,205 - V3DDroneControl - ERROR - Open3D visualizer initialization failed; continuing without 3D visualization
2026-06-15 17:56:55,205 - V3DDroneControl - INFO - All components initialized
2026-06-15 17:56:55,205 - V3DDroneControl - INFO - VirtualDroneApplication initialized
2026-06-15 17:56:55,205 - V3DDroneControl - INFO - === V3D Virtual Drone Control System Starting ===
2026-06-15 17:56:55,205 - V3DDroneControl - INFO - Controls: q/ESC=quit, SPACE=pause, d=debug, r=reset, t=takeoff, l=land, e=emergency, h=help
2026-06-15 17:56:56,528 - V3DDroneControl - INFO - Camera opened: index=0, resolution=640x480
2026-06-15 17:56:56,529 - V3DDroneControl - INFO - Camera acquisition thread started
2026-06-15 17:56:56,529 - V3DDroneControl - INFO - Hand tracking thread started
2026-06-15 17:56:56,529 - V3DDroneControl - INFO - Gesture recognition thread started
2026-06-15 17:56:56,530 - V3DDroneControl - INFO - Drone simulation thread started
2026-06-15 17:56:56,530 - V3DDroneControl - WARNING - Visualization thread skipped - Open3D not available
2026-06-15 17:56:56,530 - V3DDroneControl - INFO - Started 4 processing threads
2026-06-15 17:56:57,540 - V3DDroneControl - INFO - Camera capture FPS: 24.7
2026-06-15 17:57:00,722 - V3DDroneControl - INFO - Display FPS: 7.9, new frames: 34
2026-06-15 17:57:01,529 - V3DDroneControl - INFO - Camera loop forwarded 4325210 frames in last 5s
2026-06-15 17:57:02,633 - V3DDroneControl - INFO - Camera capture FPS: 23.5
2026-06-15 17:57:05,966 - V3DDroneControl - INFO - Display FPS: 8.3, new frames: 44
2026-06-15 17:57:06,529 - V3DDroneControl - INFO - Camera loop forwarded 4419607 frames in last 5s
2026-06-15 17:57:07,733 - V3DDroneControl - INFO - Camera capture FPS: 24.3
2026-06-15 17:57:09,536 - V3DDroneControl - INFO - Received signal 15, shutting down...
2026-06-15 17:57:09,569 - V3DDroneControl - INFO - Shutting down...
2026-06-15 17:57:09,594 - V3DDroneControl - INFO - Initiating shutdown...
2026-06-15 17:57:09,695 - V3DDroneControl - INFO - Camera module stopped
2026-06-15 17:57:09,869 - V3DDroneControl - INFO - Hand tracker released
2026-06-15 17:57:09,869 - V3DDroneControl - INFO - All threads stopped
2026-06-15 17:57:09,869 - V3DDroneControl - INFO - Application shutdown complete
2026-06-15 17:58:01,426 - V3DDroneControl - INFO - Drone controller initialized
2026-06-15 17:58:01,426 - V3DDroneControl - ERROR - Open3D is not installed. Install with: pip install open3d
2026-06-15 17:58:01,426 - V3DDroneControl - ERROR - Open3D visualizer initialization failed; continuing without 3D visualization
2026-06-15 17:58:01,426 - V3DDroneControl - INFO - All components initialized
2026-06-15 17:58:01,426 - V3DDroneControl - INFO - VirtualDroneApplication initialized
2026-06-15 17:58:01,426 - V3DDroneControl - INFO - === V3D Virtual Drone Control System Starting ===
2026-06-15 17:58:01,426 - V3DDroneControl - INFO - Controls: q/ESC=quit, SPACE=pause, d=debug, r=reset, t=takeoff, l=land, e=emergency, h=help
2026-06-15 17:58:02,747 - V3DDroneControl - INFO - Camera opened: index=0, resolution=640x480
2026-06-15 17:58:02,747 - V3DDroneControl - INFO - Camera acquisition thread started
2026-06-15 17:58:02,747 - V3DDroneControl - INFO - Hand tracking thread started
2026-06-15 17:58:02,748 - V3DDroneControl - INFO - Gesture recognition thread started
2026-06-15 17:58:02,748 - V3DDroneControl - INFO - Drone simulation thread started
2026-06-15 17:58:02,748 - V3DDroneControl - WARNING - Visualization thread skipped - Open3D not available
2026-06-15 17:58:02,748 - V3DDroneControl - INFO - Started 4 processing threads
2026-06-15 17:58:03,768 - V3DDroneControl - INFO - Camera capture FPS: 30.3
2026-06-15 17:58:06,805 - V3DDroneControl - INFO - Display FPS: 27.5, new frames: 111
2026-06-15 17:58:07,766 - V3DDroneControl - INFO - Camera loop forwarded 151 frames in last 5s
2026-06-15 17:58:08,931 - V3DDroneControl - INFO - Camera capture FPS: 30.0
2026-06-15 17:58:11,873 - V3DDroneControl - INFO - Display FPS: 28.0, new frames: 140
2026-06-15 17:58:12,796 - V3DDroneControl - INFO - Camera loop forwarded 151 frames in last 5s
2026-06-15 17:58:14,061 - V3DDroneControl - INFO - Camera capture FPS: 30.0
2026-06-15 17:58:15,721 - V3DDroneControl - INFO - Received signal 15, shutting down...
2026-06-15 17:58:15,730 - V3DDroneControl - INFO - Shutting down...
2026-06-15 17:58:15,730 - V3DDroneControl - INFO - Initiating shutdown...
2026-06-15 17:58:15,844 - V3DDroneControl - INFO - Camera module stopped
2026-06-15 17:58:15,998 - V3DDroneControl - INFO - Hand tracker released
2026-06-15 17:58:15,998 - V3DDroneControl - INFO - All threads stopped
2026-06-15 17:58:15,999 - V3DDroneControl - INFO - Application shutdown complete
2026-06-15 18:02:49,603 - V3DDroneControl - INFO - Drone controller initialized
2026-06-15 18:02:50,551 - V3DDroneControl - INFO - Open3D visualizer initialized
2026-06-15 18:02:50,551 - V3DDroneControl - INFO - All components initialized
2026-06-15 18:02:50,551 - V3DDroneControl - INFO - VirtualDroneApplication initialized
2026-06-15 18:02:50,551 - V3DDroneControl - INFO - === V3D Virtual Drone Control System Starting ===
2026-06-15 18:02:50,551 - V3DDroneControl - INFO - Controls: q/ESC=quit, SPACE=pause, d=debug, r=reset, t=takeoff, l=land, e=emergency, h=help
2026-06-15 18:02:51,954 - V3DDroneControl - INFO - Camera opened: index=0, resolution=640x480
2026-06-15 18:02:51,954 - V3DDroneControl - INFO - Camera acquisition thread started
2026-06-15 18:02:51,954 - V3DDroneControl - INFO - Hand tracking thread started
2026-06-15 18:02:51,954 - V3DDroneControl - INFO - Gesture recognition thread started
2026-06-15 18:02:51,954 - V3DDroneControl - INFO - Drone simulation thread started
2026-06-15 18:02:51,974 - V3DDroneControl - INFO - Visualization thread started
2026-06-15 18:02:51,974 - V3DDroneControl - ERROR - Open3D render error: Caught an unknown exception!
2026-06-15 18:02:51,975 - V3DDroneControl - INFO - Started 5 processing threads
2026-06-15 18:02:51,996 - V3DDroneControl - ERROR - Open3D render error: Caught an unknown exception!
2026-06-15 18:02:52,014 - V3DDroneControl - ERROR - Open3D render error: Caught an unknown exception!
2026-06-15 18:02:52,037 - V3DDroneControl - INFO - Drone received gesture: HOVER (confidence=0.40)
2026-06-15 18:02:52,097 - V3DDroneControl - INFO - Drone received gesture: NONE (confidence=0.40)
2026-06-15 18:02:52,158 - V3DDroneControl - INFO - Gesture changed: HOVER (confidence=5/8)
2026-06-15 18:02:52,159 - V3DDroneControl - INFO - Drone received gesture: HOVER (confidence=0.40)
2026-06-15 18:02:52,170 - V3DDroneControl - ERROR - Open3D renderer keeps failing; stopping visualization
2026-06-15 18:02:52,170 - V3DDroneControl - INFO - Visualization window closed
2026-06-15 18:02:52,980 - V3DDroneControl - INFO - Camera capture FPS: 30.2
2026-06-15 18:02:56,068 - V3DDroneControl - INFO - Display FPS: 29.2, new frames: 2
2026-06-15 18:02:58,079 - V3DDroneControl - INFO - Camera capture FPS: 30.0
2026-06-15 18:03:01,205 - V3DDroneControl - INFO - Display FPS: 29.2, new frames: 0
2026-06-15 18:03:03,145 - V3DDroneControl - INFO - Camera capture FPS: 30.0
2026-06-15 18:03:06,341 - V3DDroneControl - INFO - Display FPS: 29.2, new frames: 0
2026-06-15 18:03:08,307 - V3DDroneControl - INFO - Camera capture FPS: 30.1
2026-06-15 18:03:11,475 - V3DDroneControl - INFO - Display FPS: 29.2, new frames: 0
2026-06-15 18:03:13,407 - V3DDroneControl - INFO - Camera capture FPS: 30.0
2026-06-15 18:03:16,608 - V3DDroneControl - INFO - Display FPS: 29.2, new frames: 0
2026-06-15 18:03:18,187 - V3DDroneControl - INFO - Received signal 2, shutting down...
2026-06-15 18:03:18,215 - V3DDroneControl - INFO - Shutting down...
2026-06-15 18:03:18,215 - V3DDroneControl - INFO - Initiating shutdown...
2026-06-15 18:03:18,328 - V3DDroneControl - INFO - Camera module stopped
2026-06-15 18:03:18,519 - V3DDroneControl - INFO - Hand tracker released
2026-06-15 18:03:18,595 - V3DDroneControl - INFO - Open3D visualizer closed
2026-06-15 18:03:18,595 - V3DDroneControl - INFO - All threads stopped
2026-06-15 18:03:18,595 - V3DDroneControl - INFO - Application shutdown complete
2026-06-15 18:03:31,969 - V3DDroneControl - INFO - Drone controller initialized
2026-06-15 18:03:31,969 - V3DDroneControl - INFO - All components initialized
2026-06-15 18:03:31,969 - V3DDroneControl - INFO - VirtualDroneApplication initialized
2026-06-15 18:03:31,970 - V3DDroneControl - INFO - === V3D Virtual Drone Control System Starting ===
2026-06-15 18:03:31,970 - V3DDroneControl - INFO - Controls: q/ESC=quit, SPACE=pause, d=debug, r=reset, t=takeoff, l=land, e=emergency, h=help
2026-06-15 18:03:33,379 - V3DDroneControl - INFO - Camera opened: index=0, resolution=640x480
2026-06-15 18:03:33,379 - V3DDroneControl - INFO - Camera acquisition thread started
2026-06-15 18:03:33,379 - V3DDroneControl - INFO - Hand tracking thread started
2026-06-15 18:03:33,380 - V3DDroneControl - INFO - Gesture recognition thread started
2026-06-15 18:03:33,380 - V3DDroneControl - INFO - Drone simulation thread started
2026-06-15 18:03:33,380 - V3DDroneControl - WARNING - Visualization thread skipped - Open3D not available
2026-06-15 18:03:33,380 - V3DDroneControl - INFO - Started 4 processing threads
2026-06-15 18:03:34,393 - V3DDroneControl - INFO - Camera capture FPS: 30.6
2026-06-15 18:03:35,425 - V3DDroneControl - INFO - Drone received gesture: HOVER (confidence=0.40)
2026-06-15 18:03:35,466 - V3DDroneControl - INFO - Drone received gesture: MOVE_LEFT (confidence=0.75)
2026-06-15 18:03:35,490 - V3DDroneControl - INFO - Drone received gesture: NONE (confidence=0.40)
2026-06-15 18:03:35,686 - V3DDroneControl - INFO - Gesture changed: TAKEOFF (confidence=5/8)
2026-06-15 18:03:35,687 - V3DDroneControl - INFO - Drone received gesture: TAKEOFF (confidence=0.80)
2026-06-15 18:03:35,687 - V3DDroneControl - INFO - TAKEOFF initiated
2026-06-15 18:03:36,020 - V3DDroneControl - INFO - Gesture changed: MOVE_LEFT (confidence=8/8)
2026-06-15 18:03:36,020 - V3DDroneControl - INFO - Drone received gesture: MOVE_LEFT (confidence=0.75)
2026-06-15 18:03:36,553 - V3DDroneControl - INFO - Gesture changed: TAKEOFF (confidence=5/8)
2026-06-15 18:03:36,553 - V3DDroneControl - INFO - Drone received gesture: TAKEOFF (confidence=0.80)
2026-06-15 18:03:36,886 - V3DDroneControl - INFO - Gesture changed: HOVER (confidence=6/8)
2026-06-15 18:03:36,886 - V3DDroneControl - INFO - Drone received gesture: HOVER (confidence=0.40)
2026-06-15 18:03:37,479 - V3DDroneControl - INFO - Display FPS: 29.2, new frames: 105
2026-06-15 18:03:37,850 - V3DDroneControl - INFO - Gesture changed: MOVE_LEFT (confidence=5/8)
2026-06-15 18:03:37,850 - V3DDroneControl - INFO - Drone received gesture: MOVE_LEFT (confidence=0.75)
2026-06-15 18:03:38,394 - V3DDroneControl - INFO - Camera loop forwarded 151 frames in last 5s
2026-06-15 18:03:39,050 - V3DDroneControl - INFO - Gesture changed: ROTATE_LEFT (confidence=5/8)
2026-06-15 18:03:39,051 - V3DDroneControl - INFO - Drone received gesture: ROTATE_LEFT (confidence=0.75)
2026-06-15 18:03:39,525 - V3DDroneControl - INFO - Camera capture FPS: 30.0
2026-06-15 18:03:40,718 - V3DDroneControl - INFO - Gesture changed: HOVER (confidence=5/8)
2026-06-15 18:03:40,718 - V3DDroneControl - INFO - Drone received gesture: HOVER (confidence=0.40)
2026-06-15 18:03:42,613 - V3DDroneControl - INFO - Display FPS: 29.3, new frames: 150
2026-06-15 18:03:43,424 - V3DDroneControl - INFO - Camera loop forwarded 151 frames in last 5s
2026-06-15 18:03:44,656 - V3DDroneControl - INFO - Camera capture FPS: 30.0
2026-06-15 18:03:46,281 - V3DDroneControl - INFO - Gesture changed: TAKEOFF (confidence=5/8)
2026-06-15 18:03:46,281 - V3DDroneControl - INFO - Drone received gesture: TAKEOFF (confidence=0.80)
2026-06-15 18:03:46,881 - V3DDroneControl - INFO - Gesture changed: MOVE_LEFT (confidence=5/8)
2026-06-15 18:03:46,881 - V3DDroneControl - INFO - Drone received gesture: MOVE_LEFT (confidence=0.75)
2026-06-15 18:03:47,746 - V3DDroneControl - INFO - Display FPS: 29.3, new frames: 150
2026-06-15 18:03:48,454 - V3DDroneControl - INFO - Camera loop forwarded 151 frames in last 5s
2026-06-15 18:03:49,787 - V3DDroneControl - INFO - Camera capture FPS: 30.0
2026-06-15 18:03:52,877 - V3DDroneControl - INFO - Display FPS: 29.2, new frames: 149
2026-06-15 18:03:53,487 - V3DDroneControl - INFO - Camera loop forwarded 151 frames in last 5s
2026-06-15 18:03:54,411 - V3DDroneControl - INFO - Gesture changed: HOVER (confidence=5/8)
2026-06-15 18:03:54,411 - V3DDroneControl - INFO - Drone received gesture: HOVER (confidence=0.40)
2026-06-15 18:03:54,544 - V3DDroneControl - INFO - Drone received gesture: NONE (confidence=0.00)
2026-06-15 18:03:54,918 - V3DDroneControl - INFO - Camera capture FPS: 30.0
2026-06-15 18:03:55,747 - V3DDroneControl - INFO - Drone received gesture: HOVER (confidence=0.40)
2026-06-15 18:03:57,377 - V3DDroneControl - INFO - Drone received gesture: NONE (confidence=0.00)
2026-06-15 18:03:57,479 - V3DDroneControl - INFO - Drone received gesture: HOVER (confidence=0.40)
2026-06-15 18:03:57,545 - V3DDroneControl - INFO - Drone received gesture: NONE (confidence=0.00)
2026-06-15 18:03:57,578 - V3DDroneControl - INFO - Drone received gesture: HOVER (confidence=0.40)
2026-06-15 18:03:57,610 - V3DDroneControl - INFO - Drone received gesture: NONE (confidence=0.00)
2026-06-15 18:03:58,001 - V3DDroneControl - INFO - Display FPS: 29.3, new frames: 149
2026-06-15 18:03:58,146 - V3DDroneControl - INFO - Drone received gesture: HOVER (confidence=0.40)
2026-06-15 18:03:58,517 - V3DDroneControl - INFO - Camera loop forwarded 151 frames in last 5s
2026-06-15 18:04:00,049 - V3DDroneControl - INFO - Camera capture FPS: 30.0
2026-06-15 18:04:01,309 - V3DDroneControl - INFO - Drone received gesture: NONE (confidence=0.00)
2026-06-15 18:04:01,479 - V3DDroneControl - INFO - Drone received gesture: HOVER (confidence=0.40)
2026-06-15 18:04:02,841 - V3DDroneControl - INFO - Drone received gesture: NONE (confidence=0.00)
2026-06-15 18:04:03,128 - V3DDroneControl - INFO - Display FPS: 29.2, new frames: 150
2026-06-15 18:04:03,275 - V3DDroneControl - INFO - Drone received gesture: HOVER (confidence=0.40)
2026-06-15 18:04:03,408 - V3DDroneControl - INFO - Drone received gesture: NONE (confidence=0.00)
2026-06-15 18:04:03,548 - V3DDroneControl - INFO - Camera loop forwarded 151 frames in last 5s
2026-06-15 18:04:04,208 - V3DDroneControl - INFO - Drone received gesture: HOVER (confidence=0.40)
2026-06-15 18:04:04,274 - V3DDroneControl - INFO - Drone received gesture: NONE (confidence=0.00)
2026-06-15 18:04:04,444 - V3DDroneControl - INFO - Drone received gesture: HOVER (confidence=0.40)
2026-06-15 18:04:04,474 - V3DDroneControl - INFO - Drone received gesture: NONE (confidence=0.00)
2026-06-15 18:04:04,708 - V3DDroneControl - INFO - Drone received gesture: HOVER (confidence=0.40)
2026-06-15 18:04:04,940 - V3DDroneControl - INFO - Drone received gesture: NONE (confidence=0.00)
2026-06-15 18:04:05,140 - V3DDroneControl - INFO - Drone received gesture: HOVER (confidence=0.40)
2026-06-15 18:04:05,180 - V3DDroneControl - INFO - Camera capture FPS: 30.0
2026-06-15 18:04:05,540 - V3DDroneControl - INFO - Drone received gesture: NONE (confidence=0.00)
2026-06-15 18:04:06,776 - V3DDroneControl - INFO - Drone received gesture: HOVER (confidence=0.40)
2026-06-15 18:04:06,807 - V3DDroneControl - INFO - Drone received gesture: NONE (confidence=0.00)
2026-06-15 18:04:06,875 - V3DDroneControl - INFO - Drone received gesture: HOVER (confidence=0.40)
2026-06-15 18:04:06,906 - V3DDroneControl - INFO - Drone received gesture: NONE (confidence=0.00)
2026-06-15 18:04:06,940 - V3DDroneControl - INFO - Drone received gesture: HOVER (confidence=0.40)
2026-06-15 18:04:06,973 - V3DDroneControl - INFO - Drone received gesture: NONE (confidence=0.00)
2026-06-15 18:04:07,006 - V3DDroneControl - INFO - Drone received gesture: HOVER (confidence=0.40)
2026-06-15 18:04:07,040 - V3DDroneControl - INFO - Drone received gesture: NONE (confidence=0.00)
2026-06-15 18:04:07,142 - V3DDroneControl - INFO - Drone received gesture: HOVER (confidence=0.40)
2026-06-15 18:04:07,173 - V3DDroneControl - INFO - Drone received gesture: NONE (confidence=0.00)
2026-06-15 18:04:07,241 - V3DDroneControl - INFO - Drone received gesture: HOVER (confidence=0.40)
2026-06-15 18:04:07,273 - V3DDroneControl - INFO - Drone received gesture: NONE (confidence=0.00)
2026-06-15 18:04:07,342 - V3DDroneControl - INFO - Drone received gesture: HOVER (confidence=0.40)
2026-06-15 18:04:07,373 - V3DDroneControl - INFO - Drone received gesture: NONE (confidence=0.00)
2026-06-15 18:04:07,407 - V3DDroneControl - INFO - Drone received gesture: HOVER (confidence=0.40)
2026-06-15 18:04:07,440 - V3DDroneControl - INFO - Drone received gesture: NONE (confidence=0.00)
2026-06-15 18:04:07,508 - V3DDroneControl - INFO - Drone received gesture: HOVER (confidence=0.40)
2026-06-15 18:04:07,539 - V3DDroneControl - INFO - Drone received gesture: NONE (confidence=0.00)
2026-06-15 18:04:07,875 - V3DDroneControl - INFO - Drone received gesture: HOVER (confidence=0.40)
2026-06-15 18:04:07,907 - V3DDroneControl - INFO - Drone received gesture: NONE (confidence=0.00)
2026-06-15 18:04:08,076 - V3DDroneControl - INFO - Drone received gesture: HOVER (confidence=0.40)
2026-06-15 18:04:08,106 - V3DDroneControl - INFO - Drone received gesture: NONE (confidence=0.00)
2026-06-15 18:04:08,257 - V3DDroneControl - INFO - Display FPS: 29.2, new frames: 149
2026-06-15 18:04:08,308 - V3DDroneControl - INFO - Drone received gesture: HOVER (confidence=0.40)
2026-06-15 18:04:08,579 - V3DDroneControl - INFO - Camera loop forwarded 151 frames in last 5s
2026-06-15 18:04:09,771 - V3DDroneControl - INFO - Gesture changed: ROTATE_RIGHT (confidence=5/8)
2026-06-15 18:04:09,771 - V3DDroneControl - INFO - Drone received gesture: ROTATE_RIGHT (confidence=0.75)
2026-06-15 18:04:10,103 - V3DDroneControl - INFO - Gesture changed: MOVE_LEFT (confidence=8/8)
2026-06-15 18:04:10,103 - V3DDroneControl - INFO - Drone received gesture: MOVE_LEFT (confidence=0.75)
2026-06-15 18:04:10,310 - V3DDroneControl - INFO - Camera capture FPS: 30.0
2026-06-15 18:04:11,773 - V3DDroneControl - INFO - Gesture changed: HOVER (confidence=5/8)
2026-06-15 18:04:11,773 - V3DDroneControl - INFO - Drone received gesture: HOVER (confidence=0.40)
2026-06-15 18:04:13,387 - V3DDroneControl - INFO - Display FPS: 29.3, new frames: 150
2026-06-15 18:04:13,611 - V3DDroneControl - INFO - Camera loop forwarded 151 frames in last 5s
2026-06-15 18:04:15,102 - V3DDroneControl - INFO - Drone received gesture: NONE (confidence=0.00)
2026-06-15 18:04:15,171 - V3DDroneControl - INFO - Drone received gesture: HOVER (confidence=0.40)
2026-06-15 18:04:15,442 - V3DDroneControl - INFO - Camera capture FPS: 30.0
2026-06-15 18:04:17,147 - V3DDroneControl - INFO - Drone received gesture: NONE (confidence=0.00)
2026-06-15 18:04:17,173 - V3DDroneControl - INFO - Drone received gesture: HOVER (confidence=0.40)
2026-06-15 18:04:17,201 - V3DDroneControl - INFO - Drone received gesture: NONE (confidence=0.00)
2026-06-15 18:04:17,236 - V3DDroneControl - INFO - Drone received gesture: HOVER (confidence=0.40)
2026-06-15 18:04:17,634 - V3DDroneControl - INFO - Drone received gesture: NONE (confidence=0.00)
2026-06-15 18:04:17,838 - V3DDroneControl - INFO - Drone received gesture: HOVER (confidence=0.40)
2026-06-15 18:04:18,435 - V3DDroneControl - INFO - Drone received gesture: NONE (confidence=0.00)
2026-06-15 18:04:18,514 - V3DDroneControl - INFO - Display FPS: 29.2, new frames: 150
2026-06-15 18:04:18,640 - V3DDroneControl - INFO - Camera loop forwarded 151 frames in last 5s
2026-06-15 18:04:18,667 - V3DDroneControl - INFO - Drone received gesture: HOVER (confidence=0.40)
2026-06-15 18:04:18,702 - V3DDroneControl - INFO - Drone received gesture: NONE (confidence=0.00)
2026-06-15 18:04:18,801 - V3DDroneControl - INFO - Drone received gesture: HOVER (confidence=0.40)
2026-06-15 18:04:18,835 - V3DDroneControl - INFO - Drone received gesture: NONE (confidence=0.00)
2026-06-15 18:04:18,868 - V3DDroneControl - INFO - Drone received gesture: HOVER (confidence=0.40)
2026-06-15 18:04:18,900 - V3DDroneControl - INFO - Drone received gesture: NONE (confidence=0.00)
2026-06-15 18:04:19,434 - V3DDroneControl - INFO - Drone received gesture: HOVER (confidence=0.40)
2026-06-15 18:04:20,607 - V3DDroneControl - INFO - Camera capture FPS: 30.0
2026-06-15 18:04:23,647 - V3DDroneControl - INFO - Display FPS: 29.2, new frames: 149
2026-06-15 18:04:23,672 - V3DDroneControl - INFO - Camera loop forwarded 151 frames in last 5s
2026-06-15 18:04:25,738 - V3DDroneControl - INFO - Camera capture FPS: 30.0
2026-06-15 18:04:28,703 - V3DDroneControl - INFO - Camera loop forwarded 151 frames in last 5s
2026-06-15 18:04:28,774 - V3DDroneControl - INFO - Display FPS: 29.2, new frames: 150
2026-06-15 18:04:30,868 - V3DDroneControl - INFO - Camera capture FPS: 30.0
2026-06-15 18:04:31,363 - V3DDroneControl - INFO - Drone received gesture: NONE (confidence=0.00)
2026-06-15 18:04:33,734 - V3DDroneControl - INFO - Camera loop forwarded 151 frames in last 5s
2026-06-15 18:04:33,830 - V3DDroneControl - INFO - Drone received gesture: HOVER (confidence=0.40)
2026-06-15 18:04:33,905 - V3DDroneControl - INFO - Display FPS: 29.2, new frames: 149
2026-06-15 18:04:35,392 - V3DDroneControl - INFO - Gesture changed: MOVE_LEFT (confidence=5/8)
2026-06-15 18:04:35,393 - V3DDroneControl - INFO - Drone received gesture: MOVE_LEFT (confidence=0.75)
2026-06-15 18:04:36,000 - V3DDroneControl - INFO - Camera capture FPS: 30.0
2026-06-15 18:04:38,025 - V3DDroneControl - INFO - Gesture changed: HOVER (confidence=5/8)
2026-06-15 18:04:38,025 - V3DDroneControl - INFO - Drone received gesture: HOVER (confidence=0.40)
2026-06-15 18:04:38,756 - V3DDroneControl - INFO - Gesture changed: MOVE_RIGHT (confidence=5/8)
2026-06-15 18:04:38,756 - V3DDroneControl - INFO - Drone received gesture: MOVE_RIGHT (confidence=0.75)
2026-06-15 18:04:38,764 - V3DDroneControl - INFO - Camera loop forwarded 151 frames in last 5s
2026-06-15 18:04:39,032 - V3DDroneControl - INFO - Display FPS: 29.3, new frames: 150
2026-06-15 18:04:39,424 - V3DDroneControl - INFO - Gesture changed: ROTATE_RIGHT (confidence=5/8)
2026-06-15 18:04:39,424 - V3DDroneControl - INFO - Drone received gesture: ROTATE_RIGHT (confidence=0.75)
2026-06-15 18:04:41,130 - V3DDroneControl - INFO - Camera capture FPS: 30.0
2026-06-15 18:04:42,355 - V3DDroneControl - INFO - Gesture changed: HOVER (confidence=5/8)
2026-06-15 18:04:42,355 - V3DDroneControl - INFO - Drone received gesture: HOVER (confidence=0.60)
2026-06-15 18:04:43,797 - V3DDroneControl - INFO - Camera loop forwarded 151 frames in last 5s
2026-06-15 18:04:44,126 - V3DDroneControl - INFO - Drone received gesture: NONE (confidence=0.00)
2026-06-15 18:04:44,163 - V3DDroneControl - INFO - Display FPS: 29.3, new frames: 150
2026-06-15 18:04:46,262 - V3DDroneControl - INFO - Camera capture FPS: 30.0
2026-06-15 18:04:48,037 - V3DDroneControl - INFO - Drone received gesture: HOVER (confidence=0.75)
2026-06-15 18:04:48,187 - V3DDroneControl - INFO - Gesture changed: TAKEOFF (confidence=5/8)
2026-06-15 18:04:48,187 - V3DDroneControl - INFO - Drone received gesture: TAKEOFF (confidence=0.80)
2026-06-15 18:04:48,519 - V3DDroneControl - INFO - Gesture changed: MOVE_LEFT (confidence=6/8)
2026-06-15 18:04:48,519 - V3DDroneControl - INFO - Drone received gesture: MOVE_LEFT (confidence=0.75)
2026-06-15 18:04:48,827 - V3DDroneControl - INFO - Camera loop forwarded 151 frames in last 5s
2026-06-15 18:04:49,296 - V3DDroneControl - INFO - Display FPS: 29.2, new frames: 149
2026-06-15 18:04:51,392 - V3DDroneControl - INFO - Camera capture FPS: 30.0
2026-06-15 18:04:53,720 - V3DDroneControl - INFO - Gesture changed: HOVER (confidence=5/8)
2026-06-15 18:04:53,720 - V3DDroneControl - INFO - Drone received gesture: HOVER (confidence=0.40)
2026-06-15 18:04:53,858 - V3DDroneControl - INFO - Camera loop forwarded 151 frames in last 5s
2026-06-15 18:04:54,424 - V3DDroneControl - INFO - Display FPS: 29.2, new frames: 150
2026-06-15 18:04:55,683 - V3DDroneControl - INFO - Drone received gesture: NONE (confidence=0.00)
2026-06-15 18:04:56,358 - V3DDroneControl - INFO - Received signal 2, shutting down...
2026-06-15 18:04:56,372 - V3DDroneControl - INFO - Shutting down...
2026-06-15 18:04:56,372 - V3DDroneControl - INFO - Initiating shutdown...
2026-06-15 18:04:56,480 - V3DDroneControl - INFO - Camera module stopped
2026-06-15 18:04:56,487 - V3DDroneControl - INFO - Hand tracker released
2026-06-15 18:04:56,488 - V3DDroneControl - INFO - All threads stopped
2026-06-15 18:04:56,488 - V3DDroneControl - INFO - Application shutdown complete
2026-06-15 18:05:20,638 - V3DDroneControl - INFO - Drone controller initialized
2026-06-15 18:05:20,638 - V3DDroneControl - INFO - All components initialized
2026-06-15 18:05:20,638 - V3DDroneControl - INFO - VirtualDroneApplication initialized
2026-06-15 18:05:20,638 - V3DDroneControl - INFO - === V3D Virtual Drone Control System Starting ===
2026-06-15 18:05:20,638 - V3DDroneControl - INFO - Controls: q/ESC=quit, SPACE=pause, d=debug, r=reset, t=takeoff, l=land, e=emergency, h=help
2026-06-15 18:05:24,637 - V3DDroneControl - INFO - Camera opened: index=0, resolution=640x480
2026-06-15 18:05:24,642 - V3DDroneControl - INFO - Camera acquisition thread started
2026-06-15 18:05:24,643 - V3DDroneControl - INFO - Hand tracking thread started
2026-06-15 18:05:24,643 - V3DDroneControl - INFO - Gesture recognition thread started
2026-06-15 18:05:24,643 - V3DDroneControl - INFO - Drone simulation thread started
2026-06-15 18:05:24,643 - V3DDroneControl - WARNING - Visualization thread skipped - Open3D not available
2026-06-15 18:05:24,643 - V3DDroneControl - INFO - Started 4 processing threads
2026-06-15 18:05:25,653 - V3DDroneControl - INFO - Camera capture FPS: 30.7
2026-06-15 18:05:25,665 - V3DDroneControl - INFO - Display FPS: 8.8, new frames: 6
2026-06-15 18:05:26,332 - V3DDroneControl - INFO - Drone received gesture: MOVE_LEFT (confidence=0.75)
2026-06-15 18:05:26,357 - V3DDroneControl - INFO - Drone received gesture: TAKEOFF (confidence=0.80)
2026-06-15 18:05:26,358 - V3DDroneControl - INFO - TAKEOFF initiated
2026-06-15 18:05:26,382 - V3DDroneControl - INFO - Drone received gesture: NONE (confidence=0.80)
2026-06-15 18:05:26,479 - V3DDroneControl - INFO - Gesture changed: TAKEOFF (confidence=5/8)
2026-06-15 18:05:26,479 - V3DDroneControl - INFO - Drone received gesture: TAKEOFF (confidence=0.80)
2026-06-15 18:05:26,846 - V3DDroneControl - INFO - Gesture changed: MOVE_LEFT (confidence=5/8)
2026-06-15 18:05:26,846 - V3DDroneControl - INFO - Drone received gesture: MOVE_LEFT (confidence=0.75)
2026-06-15 18:05:27,178 - V3DDroneControl - INFO - Gesture changed: TAKEOFF (confidence=7/8)
2026-06-15 18:05:27,178 - V3DDroneControl - INFO - Drone received gesture: TAKEOFF (confidence=0.80)
2026-06-15 18:05:27,678 - V3DDroneControl - INFO - Gesture changed: MOVE_LEFT (confidence=5/8)
2026-06-15 18:05:27,678 - V3DDroneControl - INFO - Drone received gesture: MOVE_LEFT (confidence=0.75)
2026-06-15 18:05:28,614 - V3DDroneControl - INFO - Drone received gesture: NONE (confidence=0.00)
2026-06-15 18:05:28,645 - V3DDroneControl - INFO - Gesture changed: HOVER (confidence=5/8)
2026-06-15 18:05:28,645 - V3DDroneControl - INFO - Drone received gesture: HOVER (confidence=0.40)
2026-06-15 18:05:28,745 - V3DDroneControl - INFO - Drone received gesture: NONE (confidence=0.00)
2026-06-15 18:05:28,781 - V3DDroneControl - INFO - Drone received gesture: HOVER (confidence=0.40)
2026-06-15 18:05:28,844 - V3DDroneControl - INFO - Drone received gesture: NONE (confidence=0.00)
2026-06-15 18:05:29,614 - V3DDroneControl - INFO - Drone received gesture: HOVER (confidence=0.40)
2026-06-15 18:05:29,651 - V3DDroneControl - INFO - Camera loop forwarded 151 frames in last 5s
2026-06-15 18:05:30,011 - V3DDroneControl - INFO - Gesture changed: TAKEOFF (confidence=5/8)
2026-06-15 18:05:30,011 - V3DDroneControl - INFO - Drone received gesture: TAKEOFF (confidence=0.80)
2026-06-15 18:05:30,344 - V3DDroneControl - INFO - Gesture changed: MOVE_LEFT (confidence=6/8)
2026-06-15 18:05:30,344 - V3DDroneControl - INFO - Drone received gesture: MOVE_LEFT (confidence=0.75)
2026-06-15 18:05:30,784 - V3DDroneControl - INFO - Camera capture FPS: 30.0
2026-06-15 18:05:30,794 - V3DDroneControl - INFO - Display FPS: 29.2, new frames: 149
2026-06-15 18:05:31,647 - V3DDroneControl - INFO - Gesture changed: HOVER (confidence=5/8)
2026-06-15 18:05:31,647 - V3DDroneControl - INFO - Drone received gesture: HOVER (confidence=0.40)
2026-06-15 18:05:32,646 - V3DDroneControl - INFO - Gesture changed: TAKEOFF (confidence=5/8)
2026-06-15 18:05:32,646 - V3DDroneControl - INFO - Drone received gesture: TAKEOFF (confidence=0.80)
2026-06-15 18:05:33,144 - V3DDroneControl - INFO - Gesture changed: MOVE_LEFT (confidence=5/8)
2026-06-15 18:05:33,144 - V3DDroneControl - INFO - Drone received gesture: MOVE_LEFT (confidence=0.75)
2026-06-15 18:05:34,682 - V3DDroneControl - INFO - Camera loop forwarded 151 frames in last 5s
2026-06-15 18:05:35,915 - V3DDroneControl - INFO - Camera capture FPS: 30.0
2026-06-15 18:05:35,924 - V3DDroneControl - INFO - Display FPS: 29.2, new frames: 150
2026-06-15 18:05:36,140 - V3DDroneControl - INFO - Gesture changed: TAKEOFF (confidence=5/8)
2026-06-15 18:05:36,140 - V3DDroneControl - INFO - Drone received gesture: TAKEOFF (confidence=0.80)
2026-06-15 18:05:36,609 - V3DDroneControl - INFO - Gesture changed: MOVE_LEFT (confidence=5/8)
2026-06-15 18:05:36,610 - V3DDroneControl - INFO - Drone received gesture: MOVE_LEFT (confidence=0.75)
2026-06-15 18:05:36,746 - V3DDroneControl - INFO - Drone received gesture: NONE (confidence=0.00)
2026-06-15 18:05:37,578 - V3DDroneControl - INFO - Drone received gesture: MOVE_LEFT (confidence=0.40)
2026-06-15 18:05:37,676 - V3DDroneControl - INFO - Gesture changed: HOVER (confidence=5/8)
2026-06-15 18:05:37,676 - V3DDroneControl - INFO - Drone received gesture: HOVER (confidence=0.40)
2026-06-15 18:05:39,712 - V3DDroneControl - INFO - Camera loop forwarded 151 frames in last 5s
2026-06-15 18:05:41,046 - V3DDroneControl - INFO - Camera capture FPS: 30.0
2026-06-15 18:05:41,051 - V3DDroneControl - INFO - Display FPS: 29.2, new frames: 150
2026-06-15 18:05:43,104 - V3DDroneControl - INFO - Gesture changed: MOVE_LEFT (confidence=5/8)
2026-06-15 18:05:43,104 - V3DDroneControl - INFO - Drone received gesture: MOVE_LEFT (confidence=0.75)
2026-06-15 18:05:44,639 - V3DDroneControl - INFO - Gesture changed: HOVER (confidence=5/8)
2026-06-15 18:05:44,639 - V3DDroneControl - INFO - Drone received gesture: HOVER (confidence=0.40)
2026-06-15 18:05:44,745 - V3DDroneControl - INFO - Camera loop forwarded 151 frames in last 5s
2026-06-15 18:05:45,308 - V3DDroneControl - INFO - Gesture changed: TAKEOFF (confidence=5/8)
2026-06-15 18:05:45,309 - V3DDroneControl - INFO - Drone received gesture: TAKEOFF (confidence=0.80)
2026-06-15 18:05:45,608 - V3DDroneControl - INFO - Gesture changed: HOVER (confidence=8/8)
2026-06-15 18:05:45,608 - V3DDroneControl - INFO - Drone received gesture: HOVER (confidence=0.40)
2026-06-15 18:05:46,178 - V3DDroneControl - INFO - Camera capture FPS: 30.0
2026-06-15 18:05:46,180 - V3DDroneControl - INFO - Display FPS: 29.3, new frames: 150
2026-06-15 18:05:49,775 - V3DDroneControl - INFO - Camera loop forwarded 151 frames in last 5s
2026-06-15 18:05:50,650 - V3DDroneControl - INFO - Drone received gesture: NONE (confidence=0.00)
2026-06-15 18:05:51,308 - V3DDroneControl - INFO - Camera capture FPS: 30.0
2026-06-15 18:05:51,311 - V3DDroneControl - INFO - Display FPS: 29.2, new frames: 150
2026-06-15 18:05:54,807 - V3DDroneControl - INFO - Camera loop forwarded 151 frames in last 5s
2026-06-15 18:05:56,441 - V3DDroneControl - INFO - Display FPS: 29.2, new frames: 150
2026-06-15 18:05:56,472 - V3DDroneControl - INFO - Camera capture FPS: 30.0
2026-06-15 18:05:59,837 - V3DDroneControl - INFO - Camera loop forwarded 151 frames in last 5s
2026-06-15 18:06:01,570 - V3DDroneControl - INFO - Display FPS: 29.3, new frames: 150
2026-06-15 18:06:01,603 - V3DDroneControl - INFO - Camera capture FPS: 30.0
2026-06-15 18:06:04,868 - V3DDroneControl - INFO - Camera loop forwarded 151 frames in last 5s
2026-06-15 18:06:06,701 - V3DDroneControl - INFO - Display FPS: 29.2, new frames: 150
2026-06-15 18:06:06,767 - V3DDroneControl - INFO - Camera capture FPS: 30.0
2026-06-15 18:06:09,900 - V3DDroneControl - INFO - Camera loop forwarded 151 frames in last 5s
2026-06-15 18:06:11,832 - V3DDroneControl - INFO - Display FPS: 29.2, new frames: 149
2026-06-15 18:06:11,898 - V3DDroneControl - INFO - Camera capture FPS: 30.0
2026-06-15 18:06:14,929 - V3DDroneControl - INFO - Camera loop forwarded 151 frames in last 5s
2026-06-15 18:06:16,956 - V3DDroneControl - INFO - Display FPS: 29.3, new frames: 149
2026-06-15 18:06:17,029 - V3DDroneControl - INFO - Camera capture FPS: 30.0
2026-06-15 18:06:19,960 - V3DDroneControl - INFO - Camera loop forwarded 151 frames in last 5s
2026-06-15 18:06:22,083 - V3DDroneControl - INFO - Display FPS: 29.3, new frames: 150
2026-06-15 18:06:22,159 - V3DDroneControl - INFO - Camera capture FPS: 30.0
2026-06-15 18:06:24,992 - V3DDroneControl - INFO - Camera loop forwarded 151 frames in last 5s
2026-06-15 18:06:25,553 - V3DDroneControl - INFO - Drone received gesture: HOVER (confidence=0.40)
2026-06-15 18:06:25,619 - V3DDroneControl - INFO - Drone received gesture: NONE (confidence=0.00)
2026-06-15 18:06:27,213 - V3DDroneControl - INFO - Display FPS: 29.2, new frames: 148
2026-06-15 18:06:27,290 - V3DDroneControl - INFO - Camera capture FPS: 30.0
2026-06-15 18:06:30,024 - V3DDroneControl - INFO - Camera loop forwarded 151 frames in last 5s
2026-06-15 18:06:32,339 - V3DDroneControl - INFO - Display FPS: 29.3, new frames: 150
2026-06-15 18:06:32,388 - V3DDroneControl - INFO - Camera capture FPS: 30.0
2026-06-15 18:06:35,054 - V3DDroneControl - INFO - Camera loop forwarded 151 frames in last 5s
2026-06-15 18:06:37,472 - V3DDroneControl - INFO - Display FPS: 29.2, new frames: 149
2026-06-15 18:06:37,552 - V3DDroneControl - INFO - Camera capture FPS: 30.0
2026-06-15 18:06:40,085 - V3DDroneControl - INFO - Camera loop forwarded 151 frames in last 5s
2026-06-15 18:06:42,601 - V3DDroneControl - INFO - Display FPS: 29.2, new frames: 150
2026-06-15 18:06:42,717 - V3DDroneControl - INFO - Camera capture FPS: 30.0
2026-06-15 18:06:45,116 - V3DDroneControl - INFO - Camera loop forwarded 151 frames in last 5s
2026-06-15 18:06:47,733 - V3DDroneControl - INFO - Display FPS: 29.2, new frames: 149
2026-06-15 18:06:47,847 - V3DDroneControl - INFO - Camera capture FPS: 30.0
2026-06-15 18:06:50,147 - V3DDroneControl - INFO - Camera loop forwarded 151 frames in last 5s
2026-06-15 18:06:50,177 - V3DDroneControl - INFO - Drone received gesture: HOVER (confidence=0.40)
2026-06-15 18:06:50,604 - V3DDroneControl - INFO - Gesture changed: MOVE_LEFT (confidence=5/8)
2026-06-15 18:06:50,604 - V3DDroneControl - INFO - Drone received gesture: MOVE_LEFT (confidence=0.75)
2026-06-15 18:06:51,139 - V3DDroneControl - INFO - Gesture changed: TAKEOFF (confidence=5/8)
2026-06-15 18:06:51,139 - V3DDroneControl - INFO - Drone received gesture: TAKEOFF (confidence=0.80)
2026-06-15 18:06:51,638 - V3DDroneControl - INFO - Gesture changed: ROTATE_RIGHT (confidence=5/8)
2026-06-15 18:06:51,638 - V3DDroneControl - INFO - Drone received gesture: ROTATE_RIGHT (confidence=0.75)
2026-06-15 18:06:52,863 - V3DDroneControl - INFO - Display FPS: 29.2, new frames: 150
2026-06-15 18:06:52,979 - V3DDroneControl - INFO - Camera capture FPS: 30.0
2026-06-15 18:06:53,336 - V3DDroneControl - INFO - Gesture changed: MOVE_LEFT (confidence=5/8)
2026-06-15 18:06:53,336 - V3DDroneControl - INFO - Drone received gesture: MOVE_LEFT (confidence=0.75)
2026-06-15 18:06:53,705 - V3DDroneControl - INFO - Gesture changed: ROTATE_LEFT (confidence=5/8)
2026-06-15 18:06:53,705 - V3DDroneControl - INFO - Drone received gesture: ROTATE_LEFT (confidence=0.75)
2026-06-15 18:06:55,178 - V3DDroneControl - INFO - Camera loop forwarded 151 frames in last 5s
2026-06-15 18:06:56,002 - V3DDroneControl - INFO - Gesture changed: MOVE_LEFT (confidence=5/8)
2026-06-15 18:06:56,003 - V3DDroneControl - INFO - Drone received gesture: MOVE_LEFT (confidence=0.75)
2026-06-15 18:06:56,970 - V3DDroneControl - INFO - Gesture changed: TAKEOFF (confidence=5/8)
2026-06-15 18:06:56,971 - V3DDroneControl - INFO - Drone received gesture: TAKEOFF (confidence=0.80)
2026-06-15 18:06:57,869 - V3DDroneControl - INFO - Gesture changed: MOVE_LEFT (confidence=5/8)
2026-06-15 18:06:57,869 - V3DDroneControl - INFO - Drone received gesture: MOVE_LEFT (confidence=0.75)
2026-06-15 18:06:57,995 - V3DDroneControl - INFO - Display FPS: 29.1, new frames: 150
2026-06-15 18:06:58,110 - V3DDroneControl - INFO - Camera capture FPS: 30.0
2026-06-15 18:07:00,035 - V3DDroneControl - INFO - Gesture changed: TAKEOFF (confidence=5/8)
2026-06-15 18:07:00,035 - V3DDroneControl - INFO - Drone received gesture: TAKEOFF (confidence=0.80)
2026-06-15 18:07:00,210 - V3DDroneControl - INFO - Camera loop forwarded 151 frames in last 5s
2026-06-15 18:07:00,667 - V3DDroneControl - INFO - Gesture changed: MOVE_LEFT (confidence=5/8)
2026-06-15 18:07:00,668 - V3DDroneControl - INFO - Drone received gesture: MOVE_LEFT (confidence=0.75)
2026-06-15 18:07:01,000 - V3DDroneControl - INFO - Gesture changed: TAKEOFF (confidence=5/8)
2026-06-15 18:07:01,000 - V3DDroneControl - INFO - Drone received gesture: TAKEOFF (confidence=0.80)
2026-06-15 18:07:01,303 - V3DDroneControl - INFO - Gesture changed: MOVE_LEFT (confidence=6/8)
2026-06-15 18:07:01,303 - V3DDroneControl - INFO - Drone received gesture: MOVE_LEFT (confidence=0.75)
2026-06-15 18:07:02,902 - V3DDroneControl - INFO - Drone received gesture: NONE (confidence=0.00)
2026-06-15 18:07:03,124 - V3DDroneControl - INFO - Display FPS: 29.3, new frames: 150
2026-06-15 18:07:03,236 - V3DDroneControl - INFO - Drone received gesture: MOVE_LEFT (confidence=0.40)
2026-06-15 18:07:03,274 - V3DDroneControl - INFO - Camera capture FPS: 30.0
2026-06-15 18:07:03,306 - V3DDroneControl - INFO - Gesture changed: HOVER (confidence=5/8)
2026-06-15 18:07:03,306 - V3DDroneControl - INFO - Drone received gesture: HOVER (confidence=0.40)
2026-06-15 18:07:03,665 - V3DDroneControl - INFO - Gesture changed: TAKEOFF (confidence=5/8)
2026-06-15 18:07:03,665 - V3DDroneControl - INFO - Drone received gesture: TAKEOFF (confidence=0.80)
2026-06-15 18:07:04,067 - V3DDroneControl - INFO - Gesture changed: HOVER (confidence=5/8)
2026-06-15 18:07:04,067 - V3DDroneControl - INFO - Drone received gesture: HOVER (confidence=0.40)
2026-06-15 18:07:04,798 - V3DDroneControl - INFO - Gesture changed: TAKEOFF (confidence=5/8)
2026-06-15 18:07:04,798 - V3DDroneControl - INFO - Drone received gesture: TAKEOFF (confidence=0.80)
2026-06-15 18:07:05,133 - V3DDroneControl - INFO - Gesture changed: ROTATE_RIGHT (confidence=7/8)
2026-06-15 18:07:05,133 - V3DDroneControl - INFO - Drone received gesture: ROTATE_RIGHT (confidence=0.75)
2026-06-15 18:07:05,240 - V3DDroneControl - INFO - Camera loop forwarded 151 frames in last 5s
2026-06-15 18:07:07,666 - V3DDroneControl - INFO - Gesture changed: MOVE_LEFT (confidence=5/8)
2026-06-15 18:07:07,666 - V3DDroneControl - INFO - Drone received gesture: MOVE_LEFT (confidence=0.75)
2026-06-15 18:07:08,249 - V3DDroneControl - INFO - Display FPS: 29.2, new frames: 150
2026-06-15 18:07:08,405 - V3DDroneControl - INFO - Camera capture FPS: 30.0
2026-06-15 18:07:10,271 - V3DDroneControl - INFO - Camera loop forwarded 151 frames in last 5s
2026-06-15 18:07:13,230 - V3DDroneControl - INFO - Gesture changed: TAKEOFF (confidence=5/8)
2026-06-15 18:07:13,230 - V3DDroneControl - INFO - Drone received gesture: TAKEOFF (confidence=0.80)
2026-06-15 18:07:13,383 - V3DDroneControl - INFO - Display FPS: 29.2, new frames: 149
2026-06-15 18:07:13,563 - V3DDroneControl - INFO - Gesture changed: MOVE_LEFT (confidence=5/8)
2026-06-15 18:07:13,563 - V3DDroneControl - INFO - Drone received gesture: MOVE_LEFT (confidence=0.75)
2026-06-15 18:07:13,568 - V3DDroneControl - INFO - Camera capture FPS: 30.0
2026-06-15 18:07:13,730 - V3DDroneControl - INFO - Drone received gesture: NONE (confidence=0.00)
2026-06-15 18:07:15,301 - V3DDroneControl - INFO - Camera loop forwarded 151 frames in last 5s
2026-06-15 18:07:18,506 - V3DDroneControl - INFO - Display FPS: 29.4, new frames: 149
2026-06-15 18:07:18,666 - V3DDroneControl - INFO - Camera capture FPS: 30.0
2026-06-15 18:07:20,333 - V3DDroneControl - INFO - Camera loop forwarded 151 frames in last 5s
2026-06-15 18:07:21,928 - V3DDroneControl - INFO - Drone received gesture: MOVE_LEFT (confidence=0.40)
2026-06-15 18:07:22,157 - V3DDroneControl - INFO - Gesture changed: TAKEOFF (confidence=5/8)
2026-06-15 18:07:22,157 - V3DDroneControl - INFO - Drone received gesture: TAKEOFF (confidence=0.80)
2026-06-15 18:07:22,589 - V3DDroneControl - INFO - Gesture changed: MOVE_LEFT (confidence=5/8)
2026-06-15 18:07:22,590 - V3DDroneControl - INFO - Drone received gesture: MOVE_LEFT (confidence=0.75)
2026-06-15 18:07:23,490 - V3DDroneControl - INFO - Gesture changed: TAKEOFF (confidence=5/8)
2026-06-15 18:07:23,491 - V3DDroneControl - INFO - Drone received gesture: TAKEOFF (confidence=0.80)
2026-06-15 18:07:23,631 - V3DDroneControl - INFO - Display FPS: 29.3, new frames: 150
2026-06-15 18:07:23,797 - V3DDroneControl - INFO - Camera capture FPS: 30.0
2026-06-15 18:07:23,824 - V3DDroneControl - INFO - Gesture changed: MOVE_LEFT (confidence=6/8)
2026-06-15 18:07:23,824 - V3DDroneControl - INFO - Drone received gesture: MOVE_LEFT (confidence=0.75)
2026-06-15 18:07:24,157 - V3DDroneControl - INFO - Gesture changed: ROTATE_RIGHT (confidence=8/8)
2026-06-15 18:07:24,158 - V3DDroneControl - INFO - Drone received gesture: ROTATE_RIGHT (confidence=0.75)
2026-06-15 18:07:25,023 - V3DDroneControl - INFO - Gesture changed: MOVE_LEFT (confidence=5/8)
2026-06-15 18:07:25,023 - V3DDroneControl - INFO - Drone received gesture: MOVE_LEFT (confidence=0.75)
2026-06-15 18:07:25,364 - V3DDroneControl - INFO - Camera loop forwarded 151 frames in last 5s
2026-06-15 18:07:25,522 - V3DDroneControl - INFO - Gesture changed: TAKEOFF (confidence=5/8)
2026-06-15 18:07:25,523 - V3DDroneControl - INFO - Drone received gesture: TAKEOFF (confidence=0.80)
2026-06-15 18:07:25,854 - V3DDroneControl - INFO - Gesture changed: MOVE_LEFT (confidence=7/8)
2026-06-15 18:07:25,854 - V3DDroneControl - INFO - Drone received gesture: MOVE_LEFT (confidence=0.40)
2026-06-15 18:07:26,160 - V3DDroneControl - INFO - Gesture changed: HOVER (confidence=8/8)
2026-06-15 18:07:26,160 - V3DDroneControl - INFO - Drone received gesture: HOVER (confidence=0.40)
2026-06-15 18:07:26,426 - V3DDroneControl - INFO - Drone received gesture: NONE (confidence=0.00)
2026-06-15 18:07:28,524 - V3DDroneControl - INFO - Drone received gesture: HOVER (confidence=0.40)
2026-06-15 18:07:28,761 - V3DDroneControl - INFO - Display FPS: 29.2, new frames: 150
2026-06-15 18:07:28,961 - V3DDroneControl - INFO - Camera capture FPS: 30.0
2026-06-15 18:07:28,988 - V3DDroneControl - INFO - Gesture changed: TAKEOFF (confidence=5/8)
2026-06-15 18:07:28,988 - V3DDroneControl - INFO - Drone received gesture: TAKEOFF (confidence=0.80)
2026-06-15 18:07:29,320 - V3DDroneControl - INFO - Gesture changed: MOVE_LEFT (confidence=8/8)
2026-06-15 18:07:29,320 - V3DDroneControl - INFO - Drone received gesture: MOVE_LEFT (confidence=0.75)
2026-06-15 18:07:30,089 - V3DDroneControl - INFO - Gesture changed: HOVER (confidence=5/8)
2026-06-15 18:07:30,089 - V3DDroneControl - INFO - Drone received gesture: HOVER (confidence=0.40)
2026-06-15 18:07:30,395 - V3DDroneControl - INFO - Camera loop forwarded 151 frames in last 5s
2026-06-15 18:07:30,421 - V3DDroneControl - INFO - Gesture changed: MOVE_LEFT (confidence=8/8)
2026-06-15 18:07:30,421 - V3DDroneControl - INFO - Drone received gesture: MOVE_LEFT (confidence=0.75)
2026-06-15 18:07:32,087 - V3DDroneControl - INFO - Gesture changed: TAKEOFF (confidence=5/8)
2026-06-15 18:07:32,087 - V3DDroneControl - INFO - Drone received gesture: TAKEOFF (confidence=0.80)
2026-06-15 18:07:32,419 - V3DDroneControl - INFO - Gesture changed: ROTATE_RIGHT (confidence=5/8)
2026-06-15 18:07:32,419 - V3DDroneControl - INFO - Drone received gesture: ROTATE_RIGHT (confidence=0.75)
2026-06-15 18:07:33,888 - V3DDroneControl - INFO - Display FPS: 29.3, new frames: 150
2026-06-15 18:07:34,093 - V3DDroneControl - INFO - Camera capture FPS: 30.0
2026-06-15 18:07:34,384 - V3DDroneControl - INFO - Gesture changed: TAKEOFF (confidence=5/8)
2026-06-15 18:07:34,384 - V3DDroneControl - INFO - Drone received gesture: TAKEOFF (confidence=0.80)
2026-06-15 18:07:34,851 - V3DDroneControl - INFO - Gesture changed: ROTATE_RIGHT (confidence=5/8)
2026-06-15 18:07:34,851 - V3DDroneControl - INFO - Drone received gesture: ROTATE_RIGHT (confidence=0.75)
2026-06-15 18:07:35,425 - V3DDroneControl - INFO - Camera loop forwarded 151 frames in last 5s
2026-06-15 18:07:36,717 - V3DDroneControl - INFO - Gesture changed: MOVE_LEFT (confidence=5/8)
2026-06-15 18:07:36,717 - V3DDroneControl - INFO - Drone received gesture: MOVE_LEFT (confidence=0.75)
2026-06-15 18:07:38,183 - V3DDroneControl - INFO - Gesture changed: HOVER (confidence=5/8)
2026-06-15 18:07:38,183 - V3DDroneControl - INFO - Drone received gesture: HOVER (confidence=0.40)
2026-06-15 18:07:39,014 - V3DDroneControl - INFO - Display FPS: 29.2, new frames: 150
2026-06-15 18:07:39,190 - V3DDroneControl - INFO - Camera capture FPS: 30.0
2026-06-15 18:07:40,457 - V3DDroneControl - INFO - Camera loop forwarded 151 frames in last 5s
2026-06-15 18:07:40,953 - V3DDroneControl - INFO - Drone received gesture: NONE (confidence=0.00)
2026-06-15 18:07:42,053 - V3DDroneControl - INFO - Drone received gesture: HOVER (confidence=0.40)
2026-06-15 18:07:43,645 - V3DDroneControl - INFO - Drone received gesture: NONE (confidence=0.00)
2026-06-15 18:07:44,150 - V3DDroneControl - INFO - Display FPS: 29.1, new frames: 149
2026-06-15 18:07:44,356 - V3DDroneControl - INFO - Camera capture FPS: 30.3
2026-06-15 18:07:45,488 - V3DDroneControl - INFO - Camera loop forwarded 151 frames in last 5s
2026-06-15 18:07:47,214 - V3DDroneControl - INFO - Drone received gesture: HOVER (confidence=0.40)
2026-06-15 18:07:47,714 - V3DDroneControl - INFO - Gesture changed: TAKEOFF (confidence=5/8)
2026-06-15 18:07:47,714 - V3DDroneControl - INFO - Drone received gesture: TAKEOFF (confidence=0.80)
2026-06-15 18:07:48,180 - V3DDroneControl - INFO - Gesture changed: EMERGENCY_STOP (confidence=5/8)
2026-06-15 18:07:48,180 - V3DDroneControl - INFO - Drone received gesture: EMERGENCY_STOP (confidence=0.85)
2026-06-15 18:07:48,180 - V3DDroneControl - WARNING - EMERGENCY STOP activated
2026-06-15 18:07:49,276 - V3DDroneControl - INFO - Display FPS: 29.3, new frames: 150
2026-06-15 18:07:49,486 - V3DDroneControl - INFO - Camera capture FPS: 30.0
2026-06-15 18:07:50,518 - V3DDroneControl - INFO - Camera loop forwarded 151 frames in last 5s
2026-06-15 18:07:51,345 - V3DDroneControl - INFO - Drone received gesture: NONE (confidence=0.00)
2026-06-15 18:07:54,407 - V3DDroneControl - INFO - Display FPS: 29.3, new frames: 150
2026-06-15 18:07:54,616 - V3DDroneControl - INFO - Camera capture FPS: 30.0
2026-06-15 18:07:55,549 - V3DDroneControl - INFO - Camera loop forwarded 151 frames in last 5s
2026-06-15 18:07:59,533 - V3DDroneControl - INFO - Display FPS: 29.2, new frames: 150
2026-06-15 18:07:59,747 - V3DDroneControl - INFO - Camera capture FPS: 30.0
2026-06-15 18:08:00,580 - V3DDroneControl - INFO - Camera loop forwarded 151 frames in last 5s
2026-06-15 18:08:04,657 - V3DDroneControl - INFO - Display FPS: 29.2, new frames: 150
2026-06-15 18:08:04,676 - V3DDroneControl - INFO - Drone received gesture: EMERGENCY_STOP (confidence=0.40)
2026-06-15 18:08:04,838 - V3DDroneControl - INFO - Gesture changed: MOVE_LEFT (confidence=5/8)
2026-06-15 18:08:04,838 - V3DDroneControl - INFO - Drone received gesture: MOVE_LEFT (confidence=0.75)
2026-06-15 18:08:04,878 - V3DDroneControl - INFO - Camera capture FPS: 30.0
2026-06-15 18:08:05,611 - V3DDroneControl - INFO - Camera loop forwarded 151 frames in last 5s
2026-06-15 18:08:07,138 - V3DDroneControl - INFO - Gesture changed: TAKEOFF (confidence=5/8)
2026-06-15 18:08:07,139 - V3DDroneControl - INFO - Drone received gesture: TAKEOFF (confidence=0.80)
2026-06-15 18:08:08,068 - V3DDroneControl - INFO - Gesture changed: MOVE_LEFT (confidence=5/8)
2026-06-15 18:08:08,068 - V3DDroneControl - INFO - Drone received gesture: MOVE_LEFT (confidence=0.75)
2026-06-15 18:08:09,786 - V3DDroneControl - INFO - Display FPS: 29.2, new frames: 150
2026-06-15 18:08:09,976 - V3DDroneControl - INFO - Camera capture FPS: 30.0
2026-06-15 18:08:10,644 - V3DDroneControl - INFO - Camera loop forwarded 151 frames in last 5s
2026-06-15 18:08:10,838 - V3DDroneControl - INFO - Gesture changed: TAKEOFF (confidence=5/8)
2026-06-15 18:08:10,838 - V3DDroneControl - INFO - Drone received gesture: TAKEOFF (confidence=0.80)
2026-06-15 18:08:11,502 - V3DDroneControl - INFO - Gesture changed: MOVE_LEFT (confidence=5/8)
2026-06-15 18:08:11,502 - V3DDroneControl - INFO - Drone received gesture: MOVE_LEFT (confidence=0.75)
2026-06-15 18:08:12,137 - V3DDroneControl - INFO - Drone received gesture: NONE (confidence=0.00)
2026-06-15 18:08:14,170 - V3DDroneControl - INFO - Drone received gesture: MOVE_LEFT (confidence=0.40)
2026-06-15 18:08:14,236 - V3DDroneControl - INFO - Gesture changed: HOVER (confidence=5/8)
2026-06-15 18:08:14,236 - V3DDroneControl - INFO - Drone received gesture: HOVER (confidence=0.40)
2026-06-15 18:08:14,909 - V3DDroneControl - INFO - Display FPS: 29.2, new frames: 149
2026-06-15 18:08:15,140 - V3DDroneControl - INFO - Camera capture FPS: 30.0
2026-06-15 18:08:15,673 - V3DDroneControl - INFO - Camera loop forwarded 151 frames in last 5s
2026-06-15 18:08:20,036 - V3DDroneControl - INFO - Display FPS: 29.2, new frames: 150
2026-06-15 18:08:20,270 - V3DDroneControl - INFO - Camera capture FPS: 30.0
2026-06-15 18:08:20,704 - V3DDroneControl - INFO - Camera loop forwarded 151 frames in last 5s
2026-06-15 18:08:25,166 - V3DDroneControl - INFO - Display FPS: 29.3, new frames: 149
2026-06-15 18:08:25,402 - V3DDroneControl - INFO - Camera capture FPS: 30.0
2026-06-15 18:08:25,735 - V3DDroneControl - INFO - Camera loop forwarded 151 frames in last 5s
2026-06-15 18:08:29,064 - V3DDroneControl - INFO - Drone received gesture: NONE (confidence=0.00)
2026-06-15 18:08:29,966 - V3DDroneControl - INFO - Received signal 2, shutting down...
2026-06-15 18:08:29,982 - V3DDroneControl - INFO - Shutting down...
2026-06-15 18:08:29,982 - V3DDroneControl - INFO - Initiating shutdown...
2026-06-15 18:08:30,163 - V3DDroneControl - INFO - Camera module stopped
2026-06-15 18:08:30,182 - V3DDroneControl - INFO - Hand tracker released
2026-06-15 18:08:30,182 - V3DDroneControl - INFO - All threads stopped
2026-06-15 18:08:30,182 - V3DDroneControl - INFO - Application shutdown complete
